,1,2,3,4,5,6,7,8,9,10,11,12,13,14,15,16,17,18,19,20,21,22,23,24,25,26,27,28,29,30,31,32,33,34,35,36,37,38,39,40,41,42,43,44,45,46,47,48,49,预测工单类别
0,3,11,1,1,1,1,1,1,4,1,1,1,1,1,1,1,1,15,2,1,1,1,2,11,10,11,11,10,11,11,9,10,2,7,7,3,2,2.421052632,2,1,1,2,1,2,6,6,6,6,7,4
1,7,6,2,2,1,2,3,1,4,1,1,1,1,1,1,1,1,37,1,1,1,1,2,11,9,10,11,9,10,12,8,10,6,6,8,5,0,1.375,3,1,1,5,2,2,1,7,7,8,7,4
2,1,9,4,1,1,3,3,2,4,1,1,1,1,1,1,1,1,4,2,1,1,1,2,9,7,8,9,7,8,10,8,9,6,7,3,3,0,1.680851064,2,1,1,3,1,1,2,5,4,4,7,4
3,4,10,1,1,1,3,3,2,4,1,1,1,1,1,1,1,1,16,2,1,1,1,2,11,9,10,11,9,10,12,9,10,2,7,7,2,1,1.578947368,2,1,2,2,1,2,3,6,6,6,7,4
4,4,8,1,1,1,2,2,1,4,1,1,1,1,1,1,1,1,31,2,1,1,1,2,11,10,11,11,10,11,12,9,10,2,3,3,3,1,1.909090909,2,1,1,3,2,2,6,8,7,8,7,4
5,2,11,1,1,1,2,3,1,4,1,3,1,3,1,3,1,3,31,1,1,1,1,2,11,9,10,11,9,10,11,9,10,7,2,7,3,1,1.684210526,2,1,2,2,1,1,1,7,7,7,7,4
6,1,5,1,1,1,3,3,1,4,1,1,1,1,1,1,1,1,37,2,1,1,1,2,11,9,10,11,9,10,11,9,10,7,2,7,3,1,1.958333333,2,1,1,3,1,2,6,8,8,8,7,4
7,4,6,2,1,1,3,1,1,4,1,2,1,2,1,2,1,2,37,3,1,1,1,2,10,6,8,10,6,8,9,6,7,3,2,2,3,2,2.208333333,2,1,1,2,1,2,2,5,5,5,7,4
8,4,5,2,1,1,2,3,1,4,1,1,1,1,1,1,1,1,29,1,1,1,1,2,11,10,10,11,10,10,12,9,10,2,5,3,3,1,1.75,2,1,1,2,1,1,6,7,6,6,7,4
9,4,6,1,1,1,2,2,3,1,2,1,2,1,2,1,2,1,30,3,1,1,1,4,11,9,10,11,9,10,11,9,10,5,7,7,3,0,1.666666667,2,1,1,2,1,2,1,8,8,7,7,4
10,2,10,2,1,1,3,3,1,4,1,1,1,1,1,1,1,1,12,1,1,1,1,2,11,10,10,11,10,10,11,9,10,2,2,3,3,1,1.829787234,2,1,1,2,1,1,6,6,6,6,7,4
11,1,8,1,1,1,3,1,1,4,1,1,1,1,1,1,1,1,26,2,1,1,1,2,11,9,10,11,9,10,11,9,10,2,5,3,2,1,1.583333333,2,1,1,2,1,1,8,9,7,8,7,4
12,4,5,1,1,1,3,2,1,4,1,2,1,2,1,2,1,2,15,1,1,1,1,2,9,8,8,9,8,8,10,7,8,7,5,3,4,1,2.413043478,2,1,2,2,1,1,2,5,5,5,7,4
13,3,8,1,1,1,2,5,5,4,1,1,1,1,1,1,1,1,1,1,1,1,1,2,11,10,11,11,10,11,11,9,10,2,2,9,3,1,2.0,2,1,2,2,1,1,6,6,6,6,7,4
14,1,6,1,1,1,2,1,1,4,1,1,1,1,1,1,1,1,15,1,1,1,1,2,10,9,9,10,9,9,10,9,9,10,7,10,4,2,2.541666667,2,1,1,4,2,2,8,7,8,7,7,4
15,4,12,1,1,1,3,2,3,4,1,1,1,1,1,1,1,1,44,2,1,1,1,2,11,9,10,11,9,10,12,9,10,5,10,2,3,0,1.666666667,2,1,1,2,1,1,1,6,5,5,7,4
16,1,8,1,1,1,1,4,1,4,1,1,1,1,1,1,1,1,12,2,1,1,1,2,9,5,7,9,5,7,6,4,5,6,3,6,5,3,4.166666667,2,1,1,3,3,3,9,3,3,3,7,4
17,3,11,4,1,1,1,1,3,4,1,1,1,1,1,1,1,1,35,2,1,1,1,2,11,10,11,11,10,11,12,10,10,2,2,7,3,0,1.631578947,2,1,1,2,1,1,1,6,5,5,7,4
18,1,5,4,1,1,3,1,1,4,1,1,1,1,1,1,1,1,37,3,1,1,1,2,5,4,4,5,4,4,9,5,7,6,6,6,3,0,2.0,2,1,2,2,1,1,2,4,2,3,7,4
19,4,6,1,1,1,3,2,1,4,1,1,1,1,1,1,1,1,37,1,1,1,1,2,9,8,8,9,8,8,10,7,9,3,3,6,2,1,1.875,2,1,1,2,1,1,2,7,6,6,7,4
20,3,10,1,1,1,3,3,3,4,1,1,1,1,1,1,1,1,35,1,1,1,1,2,8,6,7,8,6,7,8,4,6,6,3,3,3,0,1.736842105,2,1,1,2,1,2,2,4,3,3,7,4
21,1,4,2,1,1,3,2,1,4,1,1,1,1,1,1,1,1,29,1,1,1,1,2,12,10,11,12,10,11,12,10,11,2,2,9,4,0,1.958333333,2,1,1,3,1,2,6,6,6,6,7,4
22,4,5,4,1,1,3,4,1,4,1,1,1,1,1,1,1,1,9,2,1,1,1,2,11,8,9,11,8,9,11,8,9,2,2,10,6,1,2.458333333,3,1,2,3,2,2,2,6,6,6,7,4
23,2,5,1,1,1,3,1,1,4,1,1,1,1,1,1,1,1,15,4,1,1,1,4,11,9,10,11,9,10,11,9,10,2,7,7,4,1,2.789473684,2,1,1,2,1,1,6,6,6,6,7,4
24,2,5,1,1,1,2,3,1,4,1,1,1,1,1,1,1,1,37,2,1,1,1,2,9,6,8,9,6,8,10,7,8,2,3,6,3,0,1.368421053,2,1,1,2,1,2,2,4,4,4,7,4
25,3,5,2,1,1,3,3,5,4,1,1,1,1,1,1,1,1,32,1,1,1,1,2,11,9,10,11,9,10,11,9,10,5,5,8,4,0,2.3,3,1,2,2,1,2,1,5,5,5,7,4
26,4,10,1,1,1,3,2,3,4,1,1,1,1,1,1,1,1,35,2,1,1,1,2,11,9,10,11,9,10,12,10,10,2,7,2,2,0,1.666666667,2,1,1,2,1,1,1,7,7,7,7,4
27,7,9,1,1,1,3,4,2,4,1,1,1,1,1,1,1,1,16,1,1,1,1,2,11,9,9,11,9,9,11,9,10,2,3,2,5,4,4.833333333,3,2,2,4,2,3,9,8,8,7,7,4
28,4,6,1,1,1,3,8,1,2,1,1,1,1,1,1,1,1,26,2,1,1,1,2,7,4,6,7,4,6,8,6,7,1,6,2,2,0,1.333333333,3,1,2,2,1,2,2,5,4,4,7,4
29,4,6,2,1,1,3,3,1,4,1,2,1,2,1,2,1,2,12,1,1,1,1,2,12,9,10,12,9,10,12,10,11,2,5,2,2,1,1.6,2,1,2,2,2,2,1,5,6,6,7,4
30,4,10,1,1,1,3,1,4,4,1,1,1,1,1,1,1,1,1,2,1,1,1,2,12,9,10,12,9,10,12,9,10,2,5,5,2,0,0.772727273,2,1,1,2,1,1,1,8,7,7,7,4
31,4,11,1,1,1,3,8,1,4,1,1,1,1,1,1,1,1,31,3,1,1,1,3,9,7,8,9,7,8,10,4,8,3,6,6,3,1,2.0,2,1,1,3,2,3,2,4,4,3,7,4
32,4,7,1,1,1,3,4,1,4,1,1,1,1,1,1,1,1,37,2,1,1,1,3,12,9,10,12,9,10,12,9,10,2,5,5,2,0,0.772727273,2,1,1,2,1,1,1,8,7,7,7,4
33,4,10,1,1,1,3,2,3,4,1,1,1,1,1,1,1,1,24,2,1,1,1,2,12,9,10,12,9,10,12,10,11,2,5,2,2,0,1.421052632,2,1,1,2,1,2,6,7,6,6,7,4
34,3,10,1,1,1,1,1,1,4,1,1,1,1,1,1,1,1,12,1,1,1,1,2,11,9,10,11,9,10,12,9,10,2,7,7,2,1,1.578947368,2,1,2,2,1,2,3,6,6,6,7,4
35,1,10,1,1,1,2,3,1,4,1,1,1,1,1,1,1,1,37,2,1,1,1,3,10,8,9,10,8,9,11,8,9,2,6,2,3,0,1.055555556,2,1,1,2,1,2,2,3,3,3,7,4
36,4,10,2,2,1,2,1,4,4,1,1,1,1,1,1,1,1,1,2,1,1,1,2,10,8,9,10,8,9,11,8,9,3,3,3,3,1,1.916666667,2,1,1,3,1,2,2,7,6,6,7,4
37,4,8,1,2,1,3,5,5,4,1,1,1,1,1,1,1,1,37,2,1,1,1,2,11,9,10,11,9,10,11,9,10,8,5,5,4,2,2.894736842,2,1,2,3,2,2,3,6,6,6,7,4
38,4,8,1,2,1,3,6,1,4,1,1,1,1,1,1,1,1,37,3,1,1,1,2,10,8,9,10,8,9,10,8,8,3,3,3,4,1,2.5,2,1,1,2,2,2,2,7,6,6,7,4
39,4,6,1,1,1,1,9,1,9,1,1,1,1,1,1,1,1,15,2,1,1,1,2,11,10,11,11,10,11,12,9,10,2,5,7,2,0,1.578947368,2,1,1,2,2,2,3,5,6,5,7,4
40,4,8,1,1,1,1,4,1,4,1,1,1,1,1,1,1,1,26,2,1,1,1,2,12,10,11,12,10,11,11,9,10,2,2,2,3,2,2.25,2,1,1,2,1,1,1,6,6,6,7,4
41,2,5,1,1,1,3,3,1,4,1,1,1,1,1,1,1,1,29,2,1,1,1,2,8,6,7,8,6,7,7,5,6,2,2,6,3,2,2.35,3,1,2,2,1,2,3,4,3,3,7,4
42,4,8,2,1,1,2,1,1,4,1,1,1,1,1,1,1,1,31,4,1,1,1,2,8,6,7,8,6,7,8,5,7,2,2,3,2,0,1.590909091,2,1,1,3,2,2,2,4,4,4,7,4
43,3,12,1,1,1,3,2,2,4,1,1,1,1,1,1,1,1,16,3,1,1,1,3,12,10,11,12,10,11,11,9,10,2,2,9,3,0,1.625,2,1,1,2,1,1,6,8,7,7,7,4
44,1,8,1,1,1,3,5,4,4,1,1,1,1,1,1,1,1,45,1,1,1,1,2,8,7,7,8,7,7,10,6,8,6,3,3,6,1,3.166666667,3,1,1,3,1,2,8,6,5,5,7,4
45,4,11,1,1,1,3,14,2,4,1,1,1,1,1,1,1,1,4,2,1,1,1,2,11,9,10,11,9,10,12,9,10,7,10,7,3,0,1.45,2,1,1,2,1,1,1,6,5,6,7,4
46,3,10,1,1,1,3,2,3,4,1,1,1,1,1,1,1,1,18,1,1,1,1,2,7,6,6,7,6,6,8,5,6,3,2,1,4,1,2.708333333,2,1,1,3,2,2,9,6,5,6,7,4
47,4,8,1,1,1,3,2,1,2,1,1,1,1,1,1,1,1,37,4,1,1,1,2,12,11,11,12,11,11,11,9,10,2,2,7,4,0,1.857142857,2,1,1,2,1,1,6,8,7,7,7,4
48,1,6,1,1,1,3,2,1,4,1,1,1,1,1,1,1,1,26,2,1,1,1,2,11,9,10,11,9,10,11,8,9,3,8,3,5,0,1.875,3,1,1,4,2,2,1,7,7,7,7,4
49,4,10,2,1,1,3,2,1,4,1,1,1,1,1,1,1,1,29,2,1,1,1,2,12,10,11,12,10,11,11,9,10,2,7,10,3,0,1.875,2,1,1,2,1,2,6,8,8,8,7,4
50,4,7,1,1,1,2,5,1,4,1,1,1,1,1,1,1,1,37,2,1,1,1,2,11,8,10,11,8,10,12,8,10,1,2,2,2,0,1.260869565,2,1,1,2,1,1,2,7,6,6,7,4
51,4,12,1,1,1,3,2,1,4,1,1,1,1,1,1,1,1,29,2,1,1,1,2,11,10,11,11,10,11,12,10,11,3,9,3,6,2,3.454545455,3,1,2,3,2,2,6,9,7,8,7,4
52,3,5,1,1,1,2,1,3,6,1,1,1,1,1,1,1,1,30,2,1,1,1,3,12,9,10,12,9,10,11,9,10,10,5,9,3,1,1.947368421,2,1,2,3,2,2,8,6,6,6,7,4
53,4,5,2,1,1,1,1,4,6,1,1,1,1,1,1,1,1,8,2,1,1,1,2,11,9,10,11,9,10,11,9,10,5,7,8,4,2,2.789473684,2,1,2,3,2,2,2,5,5,5,7,4
54,2,8,2,1,1,2,11,1,4,1,1,1,1,1,1,1,1,9,2,1,1,1,2,11,9,10,11,9,10,11,10,10,2,3,2,3,1,2.161290323,2,1,1,3,1,2,1,5,4,4,7,4
55,2,8,1,1,1,1,6,1,9,1,1,1,1,1,1,1,1,15,3,1,1,1,2,5,4,4,5,4,4,6,3,4,6,6,2,5,1,2.421052632,2,1,1,3,2,2,9,4,4,3,7,4
56,5,7,1,1,1,2,3,1,4,1,1,1,1,1,1,1,1,29,2,1,1,1,2,11,10,11,11,10,11,11,9,10,3,3,3,6,2,5.181818182,3,1,3,4,3,3,1,8,8,8,7,4
57,3,9,1,1,1,3,1,4,4,1,1,1,1,1,1,1,1,32,2,1,1,1,2,11,9,10,11,9,10,12,9,10,2,2,7,3,1,1.789473684,2,1,1,3,1,2,3,6,7,6,7,4
58,4,11,1,2,1,3,1,1,4,1,1,1,1,1,1,1,1,9,2,1,1,1,2,10,8,9,10,8,9,10,8,9,2,3,8,2,0,1.311111111,2,1,1,2,2,2,1,4,4,4,7,4
59,1,6,1,1,1,3,3,1,4,1,1,1,1,1,1,1,1,12,2,1,1,1,2,11,9,10,11,9,10,12,10,11,7,9,5,3,1,1.875,2,1,1,3,2,2,1,8,8,8,7,4
60,3,6,1,2,1,3,3,2,4,1,1,1,1,1,1,1,1,4,1,1,1,1,2,11,9,10,11,9,10,12,9,10,5,2,2,3,0,1.958333333,2,1,1,2,1,1,1,8,7,7,7,4
61,4,5,1,1,1,3,2,1,4,1,1,1,1,1,1,1,1,29,1,1,1,1,2,8,5,6,8,5,6,9,5,7,3,6,2,2,1,1.625,2,1,2,4,2,2,1,5,4,4,7,4
62,1,5,2,1,1,1,5,1,4,1,1,1,1,1,1,1,1,37,2,1,1,1,3,8,6,7,8,6,7,8,5,6,3,3,6,3,0,1.631578947,2,1,1,2,1,1,2,4,3,3,7,4
63,1,11,1,1,1,3,1,1,4,1,1,1,1,1,1,1,1,37,2,1,1,1,2,10,7,8,10,7,8,10,7,8,1,2,1,5,1,2.0,3,1,2,3,1,2,2,5,5,5,7,4
64,2,9,2,2,1,1,1,3,4,1,1,1,1,1,1,1,1,42,2,1,1,1,2,9,6,8,9,6,8,9,6,7,5,2,8,4,2,3.210526316,2,1,2,3,1,2,9,4,5,4,7,4
65,3,5,1,1,1,1,1,1,4,1,1,1,1,1,1,1,1,12,2,1,1,1,2,11,9,10,11,9,10,12,9,11,8,7,9,3,2,2.35,2,1,2,2,2,2,9,6,6,6,7,4
66,4,8,2,1,1,3,2,3,4,1,1,1,1,1,1,1,1,35,2,1,1,1,2,11,9,10,11,9,10,11,9,10,3,10,6,5,0,1.833333333,3,1,1,4,1,2,1,7,7,7,7,4
67,3,10,2,1,1,3,2,2,4,1,1,1,1,1,1,1,1,4,1,1,1,1,2,11,11,11,11,11,11,12,9,11,2,2,7,3,1,1.956521739,2,1,1,3,1,1,6,7,7,7,7,4
68,4,6,1,2,1,3,1,1,4,1,1,1,1,1,1,1,1,12,2,1,1,1,2,8,7,7,8,7,7,9,4,7,3,3,3,2,0,1.333333333,2,1,1,2,1,2,3,7,6,7,7,4
69,4,9,1,1,1,1,4,1,6,1,1,1,2,1,2,1,2,19,1,1,1,1,2,11,10,10,11,10,10,11,9,10,6,9,5,3,1,2.222222222,2,1,1,3,2,2,1,5,5,5,7,4
70,2,11,2,2,1,2,4,1,4,1,1,1,1,1,1,1,1,26,2,1,1,1,2,10,9,9,10,9,9,11,9,10,2,8,2,3,1,1.947368421,2,1,1,2,1,1,1,4,4,4,7,4
71,4,5,2,1,1,3,2,1,4,1,1,1,1,1,1,1,1,31,2,1,1,1,2,11,9,10,11,9,10,12,9,10,2,5,2,3,1,2.210526316,2,1,1,3,2,2,1,7,7,7,7,4
72,2,10,1,1,1,2,1,1,4,1,1,1,1,1,1,1,1,12,2,1,1,1,2,5,4,4,5,4,4,7,4,5,3,6,3,3,1,1.75,2,1,2,3,2,2,9,5,3,4,7,4
73,4,9,1,1,1,3,1,1,4,1,1,1,1,1,1,1,1,37,3,1,1,1,4,11,9,10,11,9,10,12,10,10,2,7,2,2,0,1.666666667,2,1,1,2,1,1,1,7,7,7,7,4
74,3,6,1,1,1,2,2,1,4,1,1,1,1,1,1,1,1,37,2,1,1,1,2,9,7,8,9,7,8,9,6,7,2,2,3,3,0,1.647058824,2,1,1,2,1,1,2,4,4,4,7,4
75,4,7,2,1,1,3,14,2,4,1,1,1,1,1,1,1,1,16,1,1,1,1,2,7,6,6,7,6,6,7,5,6,7,3,8,6,2,5.434782609,3,1,3,4,1,3,2,5,4,4,7,4
76,4,12,1,1,1,2,4,4,4,1,1,1,1,1,1,1,1,27,2,1,1,1,2,12,11,11,12,11,11,12,9,10,2,7,7,4,2,2.260869565,2,1,1,2,1,2,6,7,7,7,7,4
77,4,5,1,1,1,2,1,1,4,1,1,1,1,1,1,1,1,26,3,1,1,1,2,6,4,5,6,4,5,6,4,5,2,6,6,5,2,3.888888889,2,1,1,2,2,2,1,4,3,3,7,4
78,2,6,1,2,1,1,2,3,4,1,1,1,1,1,1,1,1,35,3,1,1,1,2,10,9,9,10,9,9,11,9,10,9,9,5,2,1,1.684210526,2,1,1,2,1,2,6,6,6,6,7,4
79,6,5,1,1,1,3,4,1,4,1,1,1,1,1,1,1,1,29,1,1,1,1,2,11,11,11,11,11,11,12,10,11,2,2,2,3,2,2.421052632,2,1,1,3,1,2,6,5,6,5,7,4
80,1,6,1,2,1,3,1,1,4,1,1,1,1,1,1,1,1,37,4,1,1,1,3,10,8,9,10,8,9,11,9,10,5,7,2,3,1,1.936170213,2,1,1,2,2,2,8,7,7,7,7,4
81,4,11,1,1,1,3,4,5,4,1,1,1,1,1,1,1,1,39,2,1,1,1,2,11,9,10,11,9,10,11,9,10,2,6,6,5,2,3.458333333,3,1,2,3,1,2,1,8,7,7,7,4
82,3,9,1,1,1,3,3,3,4,1,1,1,1,1,1,1,1,18,1,1,1,1,2,11,10,11,11,10,11,12,10,11,2,2,5,3,1,2.45,2,2,2,3,1,2,6,5,6,5,7,4
83,1,8,2,1,1,3,2,1,4,1,1,1,1,1,1,1,1,3,2,1,1,1,2,12,11,11,12,11,11,12,9,10,2,7,7,4,2,2.260869565,2,1,1,2,1,2,6,7,7,7,7,4
84,4,8,1,1,1,1,3,1,4,1,1,1,1,1,1,1,1,37,2,1,1,1,2,10,8,8,10,8,8,9,5,6,3,3,9,6,2,4.541666667,4,1,2,4,2,3,1,4,3,3,7,4
85,4,7,1,1,1,3,2,1,4,1,1,1,1,1,1,1,1,37,1,1,1,1,2,11,10,11,11,10,11,12,10,11,5,9,2,3,0,1.666666667,2,1,1,3,2,2,6,8,7,7,7,4
86,7,11,1,1,1,3,1,1,4,1,1,1,1,1,1,1,1,26,2,1,1,1,2,11,10,10,11,10,10,11,9,10,2,8,5,4,2,2.789473684,2,1,2,3,2,2,1,6,5,5,7,4
87,4,5,2,1,1,3,1,2,4,1,1,1,1,1,1,1,1,16,2,1,1,1,2,11,10,10,11,10,10,11,8,10,2,8,7,2,1,1.736842105,2,1,1,2,1,2,1,5,6,5,7,4
88,3,6,1,1,1,2,2,1,4,1,1,1,1,1,1,1,1,12,2,1,1,1,2,11,9,9,11,9,9,11,9,9,8,7,8,2,0,1.659574468,2,1,1,2,1,1,2,7,7,6,7,4
89,4,9,1,1,1,3,1,4,6,1,1,1,1,1,1,1,1,20,2,1,1,1,2,12,10,11,12,10,11,11,10,11,8,6,3,2,1,1.545454545,2,1,1,2,1,2,1,9,8,8,7,4
90,3,6,1,1,1,3,3,1,4,1,1,1,1,1,1,1,1,37,2,1,1,1,2,11,11,11,11,11,11,12,10,11,2,2,5,4,2,2.85,3,2,2,2,1,2,6,7,7,7,7,4
91,2,5,2,1,1,3,2,3,4,1,1,1,1,1,1,1,1,18,2,1,1,1,2,11,9,10,11,9,10,11,8,9,1,2,2,3,1,1.736842105,2,1,1,2,1,1,9,5,5,5,7,4
92,3,5,2,1,1,2,4,3,4,1,1,1,1,1,1,1,1,42,1,1,1,1,2,11,9,10,11,9,10,11,8,10,2,9,7,3,1,2.25,2,1,1,2,1,1,1,5,6,5,7,4
93,4,5,1,1,1,3,2,1,4,1,1,1,1,1,1,1,1,12,2,1,1,1,2,11,10,10,11,10,10,11,9,10,2,2,2,3,1,1.866666667,2,1,1,2,1,2,2,7,6,7,7,4
94,1,5,2,1,1,3,1,1,4,1,1,1,1,1,1,1,1,37,2,1,1,1,2,11,9,10,11,9,10,12,10,10,2,5,2,2,0,1.333333333,2,1,1,2,1,1,2,7,6,6,7,4
95,1,6,2,1,1,3,6,3,4,1,1,1,1,1,1,1,1,35,1,1,1,1,2,10,7,8,10,7,8,9,6,7,3,3,6,3,0,1.421052632,2,1,1,3,2,2,2,4,3,3,7,4
96,3,6,2,1,1,3,10,1,4,1,1,1,1,1,1,1,1,37,1,1,1,1,2,8,7,7,8,7,7,10,7,8,3,3,6,4,1,2.222222222,2,1,1,2,1,2,9,4,3,3,7,4
97,4,6,2,1,1,3,3,1,4,1,1,1,1,1,1,1,1,3,3,1,1,1,2,11,10,10,11,10,10,12,10,11,2,2,2,4,1,2.170212766,2,1,1,3,1,2,6,6,5,5,7,4
98,4,8,1,1,1,2,4,1,4,1,1,1,1,1,1,1,1,37,3,1,1,1,2,10,9,9,10,9,9,12,9,10,5,10,5,3,0,1.708333333,3,1,2,2,1,1,1,7,5,5,7,4
99,3,9,1,1,1,3,1,3,4,1,1,1,1,1,1,1,1,18,3,1,1,1,3,11,9,10,11,9,10,11,9,10,2,7,5,3,0,1.842105263,2,1,1,3,2,2,9,5,6,5,7,4
100,4,5,2,1,1,3,3,1,4,1,1,1,1,1,1,1,1,12,2,1,1,1,4,8,7,7,8,7,7,9,6,8,2,3,1,2,1,1.958333333,2,1,2,2,1,1,2,6,5,5,7,4
101,1,5,1,1,1,2,2,1,4,1,1,1,1,1,1,1,1,29,1,1,1,1,2,9,7,8,9,7,8,10,7,8,2,9,7,4,0,2.489361702,2,1,1,2,2,2,1,5,5,5,7,4
102,2,9,1,1,1,3,4,1,4,1,1,1,1,1,1,1,1,29,2,1,1,1,2,3,2,2,3,2,2,5,2,4,3,6,3,3,1,2.15,3,1,2,4,1,2,9,6,4,4,7,4
103,3,7,2,1,1,3,5,2,4,1,1,1,1,1,1,1,1,16,1,1,1,1,2,12,10,11,12,10,11,11,9,10,2,2,2,3,2,2.25,2,1,1,2,1,1,1,6,6,6,7,4
104,3,4,1,1,1,3,9,2,4,1,1,1,1,1,1,1,1,16,1,1,1,1,2,11,9,10,11,9,10,11,10,11,5,7,2,3,1,1.833333333,2,1,1,2,1,2,6,8,8,7,7,4
105,4,12,1,1,1,2,2,5,4,1,1,1,1,1,1,1,1,4,2,1,1,1,2,11,10,11,11,10,11,12,10,11,2,2,5,3,1,2.45,2,2,2,3,1,2,6,5,6,5,7,4
106,1,7,3,1,1,3,3,2,4,1,1,1,1,1,1,1,1,33,1,1,1,1,2,12,10,11,12,10,11,12,9,10,2,6,2,5,0,1.52173913,3,1,1,3,1,2,6,8,8,8,7,4
107,4,9,2,1,1,3,4,1,4,1,1,1,1,1,1,1,1,19,2,1,1,1,3,11,9,10,11,9,10,11,9,10,5,8,8,3,0,2.105263158,2,1,2,3,1,2,2,6,6,6,7,4
108,1,4,1,1,1,3,3,1,4,1,1,1,1,1,1,1,1,37,1,1,1,1,2,11,9,9,11,9,9,11,7,8,2,7,7,3,1,1.936170213,2,1,1,2,1,2,1,6,5,5,7,4
109,3,10,2,1,1,3,1,2,4,1,1,1,1,1,1,1,1,16,3,1,1,1,2,10,8,9,10,8,9,11,7,9,1,3,1,2,1,1.736842105,2,1,1,3,1,2,9,5,5,5,7,4
110,4,9,2,1,1,3,3,1,4,1,1,1,1,1,1,1,1,15,2,1,1,1,2,11,11,11,11,11,11,12,10,11,3,3,3,3,1,2.181818182,4,1,3,2,2,2,6,9,9,9,7,4
111,4,4,1,1,1,2,2,1,4,1,1,1,1,1,1,1,1,12,2,1,1,1,2,11,10,11,11,10,11,11,9,9,7,2,10,3,1,2.083333333,2,1,1,2,1,1,6,8,8,8,7,4
112,6,10,1,1,1,1,7,1,4,1,1,1,1,1,1,1,1,12,2,1,1,1,2,11,9,10,11,9,10,11,9,10,5,7,2,3,0,1.473684211,2,1,1,3,1,2,1,6,6,5,7,4
113,4,11,1,1,1,3,5,1,8,1,1,1,1,1,1,1,1,37,2,1,1,1,2,11,9,10,11,9,10,12,9,10,2,5,2,3,1,1.625,2,1,1,2,1,1,1,8,7,7,7,4
114,3,8,1,1,1,2,2,1,4,1,1,1,1,1,1,1,1,37,2,1,1,1,2,10,9,9,10,9,9,11,9,10,2,7,2,3,1,1.916666667,2,1,1,3,1,2,1,5,5,5,7,4
115,2,8,1,1,1,3,4,1,3,1,1,1,1,1,1,1,1,9,4,1,1,1,2,11,9,10,11,9,10,11,9,10,8,7,7,3,0,1.578947368,2,1,1,2,1,1,1,6,6,6,7,4
116,4,5,2,1,1,1,3,1,4,1,1,1,1,1,1,1,1,3,3,1,1,1,3,11,9,10,11,9,10,11,9,10,5,7,7,3,0,1.666666667,2,1,1,2,1,2,1,8,8,7,7,4
117,3,11,1,1,1,2,5,2,4,1,1,1,1,1,1,1,1,4,1,1,1,1,2,11,10,11,11,10,11,12,9,10,2,2,5,3,1,1.958333333,2,1,1,2,1,2,1,7,7,7,7,4
118,4,5,1,1,1,3,1,1,4,1,1,1,1,1,1,1,1,37,1,1,1,1,2,7,4,5,7,4,5,8,5,6,1,2,6,3,1,1.842105263,2,1,2,2,1,1,9,4,4,4,7,4
119,3,7,1,1,1,2,2,3,4,1,1,1,1,1,1,1,1,35,1,1,1,1,2,11,9,10,11,9,10,11,8,9,5,2,7,3,0,1.529411765,2,1,1,2,2,2,9,6,5,6,7,4
120,4,11,2,1,1,3,2,2,4,1,1,1,1,1,1,1,1,4,1,1,1,1,2,12,11,11,12,11,11,12,9,10,2,7,8,3,1,1.913043478,2,1,2,2,1,2,6,8,8,8,7,4
121,7,10,1,1,1,3,1,1,4,1,1,1,1,1,1,1,1,19,2,1,1,1,2,10,9,10,10,9,10,11,9,10,8,9,6,4,2,3.0,2,1,1,2,2,2,2,9,8,9,7,4
122,7,6,1,2,1,2,3,3,4,1,1,1,1,1,1,1,1,18,1,1,1,1,2,11,10,10,11,10,10,11,9,10,2,2,5,2,1,1.833333333,2,1,1,2,1,1,6,8,7,7,7,4
123,1,8,2,1,1,3,3,1,4,1,1,1,1,1,1,1,1,37,2,1,1,1,2,9,8,8,9,8,8,10,5,7,2,2,6,2,1,1.916666667,2,1,2,2,1,2,1,5,5,5,7,4
124,4,5,1,1,1,2,1,1,4,1,1,1,1,1,1,1,1,12,3,1,1,1,2,8,8,8,8,8,8,10,8,9,6,6,2,3,0,2.315789474,2,1,1,2,1,2,1,5,4,4,7,4
125,2,9,2,1,1,3,3,4,4,1,1,1,1,1,1,1,1,33,2,1,1,1,2,10,9,9,10,9,9,12,9,10,10,10,6,2,0,1.434782609,2,1,1,3,1,1,1,7,7,7,7,4
126,3,7,2,2,1,3,1,1,4,1,1,1,1,1,1,1,1,37,3,1,1,1,2,7,5,6,7,5,6,8,5,6,1,2,3,3,2,2.291666667,2,1,2,2,2,2,2,7,6,6,7,4
127,3,8,2,1,1,3,2,1,4,1,1,1,1,1,1,1,1,29,2,1,1,1,2,8,5,7,8,5,7,8,4,6,3,2,6,3,2,2.304347826,2,1,1,3,1,2,2,5,3,3,7,4
128,2,6,2,1,1,3,1,3,4,1,1,1,1,1,1,1,1,30,2,1,1,1,2,9,6,8,9,6,8,10,7,8,2,3,6,3,0,1.368421053,2,1,1,2,1,2,2,4,4,4,7,4
129,4,11,2,1,1,2,1,4,4,1,1,1,1,1,1,1,1,27,2,1,1,1,2,8,6,7,8,6,7,9,5,7,3,2,3,3,1,1.947368421,2,1,1,2,1,1,2,4,4,4,7,4
130,4,12,2,1,1,3,1,4,6,1,1,1,1,1,1,1,1,2,2,1,1,1,2,11,10,10,11,10,10,11,10,10,2,5,5,2,1,1.8125,2,1,1,2,1,1,1,10,8,9,7,4
131,4,10,2,1,1,1,6,4,4,1,1,1,1,1,1,1,1,28,1,1,1,1,2,12,9,10,12,9,10,12,10,11,2,5,2,2,0,1.421052632,2,1,1,2,1,2,6,7,6,6,7,4
132,4,7,1,2,1,2,7,1,4,1,1,1,1,1,1,1,1,12,2,1,1,1,2,10,9,10,10,9,10,11,9,10,3,3,10,3,0,1.869565217,2,1,1,2,1,1,1,9,9,9,7,4
133,4,11,1,1,1,2,1,4,4,1,1,1,1,1,1,1,1,13,2,1,1,1,2,10,9,9,10,9,9,11,8,10,8,9,7,3,0,1.875,2,1,1,2,1,2,3,5,6,5,7,4
134,3,7,1,1,1,3,3,4,4,1,1,1,1,1,1,1,1,4,1,1,1,1,2,9,7,8,9,7,8,10,7,9,1,1,2,3,1,1.85,2,1,1,2,1,1,9,3,4,3,7,4
135,4,1,1,1,1,1,1,1,4,1,1,1,1,1,1,1,1,37,2,1,1,1,2,11,9,10,11,9,10,12,9,10,5,9,10,3,1,2.263157895,2,1,1,2,1,2,9,7,6,6,7,4
136,1,8,1,1,1,3,4,1,4,1,1,1,1,1,1,1,1,37,2,1,1,1,2,8,7,7,8,7,7,9,5,7,2,3,2,2,1,1.708333333,2,1,2,2,1,2,3,4,4,3,7,4
137,4,6,1,1,1,3,4,1,4,1,1,1,1,1,1,1,1,29,3,1,1,1,2,9,4,6,9,4,6,9,5,7,1,1,2,2,0,1.086956522,2,1,1,2,2,2,2,5,5,5,7,4
138,3,7,1,1,1,3,2,1,4,1,1,1,1,1,1,1,1,26,2,1,1,1,2,9,6,8,9,6,8,8,5,7,3,3,2,4,1,2.043478261,2,1,1,3,1,2,2,5,5,5,7,4
139,4,8,1,1,1,3,3,1,4,1,1,1,1,1,1,1,1,26,4,1,1,1,3,7,6,6,7,6,6,10,6,8,8,5,6,4,1,2.526315789,2,1,2,3,1,2,9,4,4,4,7,4
140,3,10,1,1,1,1,4,1,4,1,1,1,1,1,1,1,1,12,1,1,1,1,2,11,10,10,11,10,10,11,9,10,5,2,9,3,0,1.631578947,2,1,2,2,1,2,6,6,7,6,7,4
141,3,5,2,1,1,3,7,3,4,1,1,1,1,1,1,1,1,44,1,1,1,1,2,7,5,6,7,5,6,8,5,7,2,3,3,4,0,1.9,2,1,1,2,1,1,3,4,4,4,7,4
142,1,4,1,2,1,3,1,1,4,1,1,1,1,1,1,1,1,15,2,1,1,1,2,10,7,8,10,7,8,11,8,9,3,3,2,4,1,3.125,3,1,2,3,2,2,2,6,5,5,7,4
143,4,3,2,1,1,2,1,1,6,1,2,1,2,1,2,1,2,37,3,1,1,1,2,10,9,9,10,9,9,11,9,10,8,8,6,5,0,1.75,4,1,2,3,1,2,1,9,7,8,7,4
144,3,7,1,1,1,1,2,1,4,1,1,1,1,1,1,1,1,29,3,1,1,1,2,8,5,6,8,5,6,9,5,7,2,2,3,3,1,1.95,2,1,1,2,1,1,3,4,4,4,7,4
145,4,9,1,1,1,3,2,1,4,1,1,1,1,1,1,1,1,3,2,1,1,1,2,6,3,3,6,3,3,4,2,3,6,6,6,4,1,2.3,3,1,2,4,2,2,9,5,4,4,7,4
146,2,9,1,1,1,3,1,4,4,1,1,1,1,1,1,1,1,45,1,1,1,1,2,11,8,9,11,8,9,10,8,9,2,2,2,3,0,1.565217391,2,1,1,3,1,2,2,6,6,6,7,4
147,3,9,1,2,1,2,2,2,4,1,1,1,1,1,1,1,1,16,2,1,1,1,2,10,8,9,10,8,9,11,8,10,7,3,7,5,0,2.195652174,2,1,1,3,1,2,1,6,7,6,7,4
148,4,6,1,1,1,3,4,1,4,1,1,1,1,1,1,1,1,15,2,1,1,1,2,11,10,10,11,10,10,11,9,9,2,7,9,2,0,1.526315789,2,1,1,2,1,1,6,6,6,6,7,4
149,4,10,1,1,1,2,1,3,4,1,1,1,1,1,1,1,1,44,3,1,1,1,3,11,9,10,11,9,10,12,9,10,5,10,2,3,0,1.666666667,2,1,1,2,1,1,1,6,5,5,7,4
150,3,7,1,1,1,1,1,3,4,1,1,1,1,1,1,1,1,24,3,1,1,1,2,9,6,7,9,6,7,9,6,7,1,2,4,4,1,2.173913043,2,1,1,2,1,2,2,6,6,6,7,4
151,4,2,1,1,1,3,1,3,4,1,1,1,1,1,1,1,1,35,1,1,1,1,2,12,10,11,12,10,11,11,9,10,2,7,10,3,0,1.875,2,1,1,2,1,2,6,8,8,8,7,4
152,4,7,2,1,1,2,4,4,4,1,1,1,1,1,1,1,1,21,2,1,1,1,2,7,5,6,7,5,6,5,2,3,3,3,3,3,2,2.291666667,2,1,1,3,2,2,9,5,5,5,7,4
153,4,6,1,1,1,3,1,1,4,1,1,1,1,1,1,1,1,37,2,1,1,1,2,11,9,10,11,9,10,11,9,10,7,7,7,4,1,2.125,2,1,1,2,1,1,6,8,8,8,7,4
154,4,5,1,2,1,3,6,1,4,1,1,1,1,1,1,1,1,37,2,1,1,1,2,6,5,5,6,5,5,9,5,7,6,6,6,3,1,1.833333333,2,1,1,2,1,2,2,4,4,4,7,4
155,2,11,1,1,1,2,2,2,4,1,1,1,1,1,1,1,1,4,2,1,1,1,2,10,9,9,10,9,9,12,9,10,5,10,7,2,0,1.210526316,2,1,1,2,1,1,1,6,5,6,7,4
156,3,8,2,1,1,1,3,2,4,1,1,1,1,1,1,1,1,16,1,1,1,1,2,11,9,10,11,9,10,11,9,10,5,8,7,3,0,1.526315789,2,1,1,2,1,1,1,6,6,6,7,4
157,3,7,1,1,1,1,2,5,9,1,1,1,1,1,1,1,1,27,1,1,1,1,2,11,11,11,11,11,11,12,10,11,2,2,2,3,2,2.615384615,2,1,1,3,2,2,1,5,5,5,7,4
158,3,4,1,1,1,3,5,4,4,1,1,1,1,1,1,1,1,38,3,1,1,1,2,11,9,10,11,9,10,12,9,11,2,5,2,3,1,2.35,2,1,1,2,1,1,3,6,6,6,7,4
159,3,9,1,1,1,3,2,1,4,1,1,1,1,1,1,1,1,19,1,1,1,1,2,10,9,9,10,9,9,11,9,10,8,5,5,3,2,2.411764706,3,2,2,2,2,2,1,5,6,5,7,4
160,1,6,1,1,1,1,3,1,7,1,2,1,2,1,2,1,2,9,1,1,1,1,2,10,9,9,10,9,9,11,9,10,8,5,5,3,2,2.411764706,3,2,2,2,2,2,1,5,6,5,7,4
161,1,10,2,1,1,3,1,1,4,1,1,1,1,1,1,1,1,37,2,1,1,1,2,7,5,6,7,5,6,9,5,6,3,6,2,3,1,2.0,2,1,1,2,1,2,2,6,5,5,7,4
162,4,7,1,2,1,1,3,4,4,1,1,1,1,1,1,1,1,1,1,1,1,1,2,11,9,10,11,9,10,11,9,10,5,8,5,4,2,2.85,2,2,2,3,2,2,3,4,5,5,7,4
163,4,9,1,1,1,2,1,1,2,1,1,1,1,1,1,1,1,40,5,1,1,1,3,11,9,10,11,9,10,11,9,9,8,5,10,3,1,1.95,2,1,2,3,2,2,1,6,5,5,7,4
164,4,8,2,1,1,1,4,2,4,1,1,1,1,1,1,1,1,4,3,1,1,1,4,9,6,8,9,6,8,9,6,7,5,2,8,4,2,3.210526316,2,1,2,3,1,2,9,4,5,4,7,4
165,1,7,2,1,1,2,1,1,4,1,1,1,1,1,1,1,1,9,2,1,1,1,2,8,5,6,8,5,6,8,4,6,2,6,6,2,0,1.578947368,2,1,1,2,1,1,2,3,3,3,7,4
166,4,7,2,1,1,3,3,4,4,1,1,1,1,1,1,1,1,17,2,1,1,1,2,5,4,4,5,4,4,9,4,6,3,6,6,3,1,2.125,2,1,1,2,1,2,2,4,3,3,7,4
167,4,10,1,1,1,3,3,1,4,1,1,1,1,1,1,1,1,15,1,1,1,1,2,9,8,8,9,8,8,10,7,8,2,1,6,3,1,2.304347826,2,1,1,2,1,2,1,5,5,5,7,4
168,4,11,1,1,1,3,9,5,8,1,1,1,1,1,1,1,1,31,1,1,1,1,2,10,7,8,10,7,8,10,7,9,2,1,2,3,2,2.25,2,1,2,2,2,2,9,7,6,6,7,4
169,4,4,1,1,1,3,4,4,4,1,1,1,1,1,1,1,1,17,1,1,1,1,2,11,9,10,11,9,10,12,9,10,2,2,9,3,0,1.5,2,1,1,2,1,1,2,5,5,5,7,4
170,2,8,2,1,1,3,6,4,4,1,1,1,1,1,1,1,1,13,1,1,1,1,2,12,10,11,12,10,11,12,9,11,9,10,6,5,2,4.545454545,3,1,2,4,2,2,1,8,7,8,7,4
171,4,6,1,2,1,2,1,1,4,1,1,1,1,1,1,1,1,3,1,1,1,1,2,6,5,5,6,5,5,10,5,7,6,7,3,3,1,1.85106383,2,1,1,2,1,2,2,5,4,5,7,4
172,3,6,1,1,1,3,3,1,4,1,1,1,1,1,1,1,1,31,1,1,1,1,2,6,4,5,6,4,5,6,3,5,2,6,2,4,2,2.736842105,2,1,1,3,1,2,9,4,4,4,7,4
173,2,5,1,1,1,3,3,1,9,1,1,1,1,1,1,1,1,29,2,1,1,1,2,11,10,10,11,10,10,12,9,10,2,7,5,3,0,2.291666667,2,1,1,3,2,2,1,8,6,7,7,4
174,3,5,1,1,1,3,1,1,4,1,1,1,1,1,1,1,1,37,2,1,1,1,3,11,9,10,11,9,10,11,9,10,2,7,2,3,0,1.842105263,2,1,1,2,1,2,1,5,5,5,7,4
175,1,8,1,1,1,3,1,1,4,1,1,1,1,1,1,1,1,12,2,1,1,1,2,7,4,6,7,4,6,9,4,6,1,1,1,2,0,1.391304348,2,1,1,2,1,1,2,5,5,5,7,4
176,2,12,1,1,1,3,3,5,4,1,1,1,1,1,1,1,1,4,4,1,1,1,2,12,10,11,12,10,11,11,9,10,2,2,9,4,1,2.473684211,2,1,2,2,1,2,6,6,6,6,7,4
177,4,5,2,1,1,2,3,1,4,1,1,1,1,1,1,1,1,37,2,1,1,1,2,11,10,11,11,10,11,12,10,11,3,9,3,6,2,3.454545455,3,1,2,3,2,2,6,9,7,8,7,4
178,3,9,1,1,1,2,3,1,4,1,1,1,1,1,1,1,1,31,2,1,1,1,2,6,4,5,6,4,5,6,3,5,2,6,2,4,2,2.736842105,2,1,1,3,1,2,9,4,4,4,7,4
179,1,8,1,1,1,3,3,1,4,1,1,1,1,1,1,1,1,37,1,1,1,1,2,9,8,8,9,8,8,10,7,8,7,5,3,4,1,2.413043478,2,1,2,2,1,1,2,5,5,5,7,4
180,1,4,1,2,1,3,2,1,4,1,1,1,1,1,1,1,1,29,3,1,1,1,2,12,9,10,12,9,10,12,10,11,2,10,2,3,1,2.05,2,1,1,2,1,1,9,5,5,5,7,4
181,3,6,1,1,1,3,4,1,4,1,1,1,1,1,1,1,1,40,2,1,1,1,2,11,9,10,11,9,10,12,10,11,2,7,2,3,1,2.0,2,1,1,3,1,1,1,7,6,6,7,4
182,4,9,1,1,1,3,4,1,4,1,1,1,1,1,1,1,1,26,1,1,1,1,2,11,9,10,11,9,10,11,8,9,5,2,7,3,0,1.529411765,2,1,1,2,2,2,9,6,5,6,7,4
183,2,5,1,2,1,2,3,1,4,1,1,1,1,1,1,1,1,12,1,1,1,1,2,6,5,5,6,5,5,8,5,6,2,6,2,3,1,1.85,2,1,1,3,1,1,9,4,4,4,7,4
184,3,10,1,1,1,3,3,1,9,1,1,1,1,1,1,1,1,37,2,1,1,1,2,12,10,11,12,10,11,12,9,10,2,3,7,3,1,1.791666667,2,1,1,2,1,1,6,8,7,7,7,4
185,3,5,1,1,1,5,4,1,4,1,1,1,1,1,1,1,1,29,1,1,1,1,2,12,10,11,12,10,11,11,9,10,2,2,2,3,2,2.25,2,1,1,2,1,1,1,6,6,6,7,4
186,4,12,4,1,1,3,2,2,4,1,1,1,1,1,1,1,1,4,2,1,1,1,2,12,9,10,12,9,10,11,9,10,2,5,7,2,0,1.35,2,1,1,2,1,2,2,5,6,6,7,4
187,3,7,1,1,1,2,2,1,9,1,1,1,1,1,1,1,1,15,1,1,1,1,2,11,9,9,11,9,9,11,8,10,2,5,2,3,0,1.75,2,1,1,2,1,1,9,6,6,6,7,4
188,1,10,1,1,1,5,3,1,4,1,1,1,1,1,1,1,1,37,2,1,1,1,2,10,8,9,10,8,9,10,8,9,2,3,2,3,1,1.52173913,2,1,1,2,1,1,1,7,5,6,7,4
189,1,6,1,1,1,3,2,1,4,1,1,1,1,1,1,1,1,29,1,1,1,1,2,10,8,9,10,8,9,11,8,10,7,3,7,5,0,2.195652174,2,1,1,3,1,2,1,6,7,6,7,4
190,4,4,2,1,1,3,1,2,4,1,1,1,1,1,1,1,1,16,2,1,1,1,2,11,9,10,11,9,10,11,8,10,6,8,3,5,0,2.083333333,3,1,1,4,1,2,1,7,7,7,7,4
191,2,10,1,1,1,1,1,1,4,1,1,1,1,1,1,1,1,29,2,1,1,1,2,6,5,5,6,5,5,10,6,7,2,6,3,3,2,2.1,2,1,2,2,1,1,9,4,3,4,7,4
192,2,10,1,1,1,3,3,1,4,2,1,2,1,2,1,2,1,29,2,1,1,1,2,11,10,10,11,10,10,12,10,11,2,2,2,4,1,2.170212766,2,1,1,3,1,2,6,6,5,5,7,4
193,4,5,2,1,1,3,1,2,4,1,1,1,1,1,1,1,1,16,2,1,1,1,2,12,9,10,12,9,10,12,10,10,7,7,9,3,1,2.208333333,2,1,1,3,2,2,2,8,8,8,7,4
194,3,6,2,1,1,3,2,2,4,1,1,1,1,1,1,1,1,4,1,1,1,1,2,12,11,11,12,11,11,11,9,10,2,2,5,3,1,2.055555556,3,2,2,2,1,2,6,7,7,7,7,4
195,7,8,1,1,1,2,2,4,4,1,1,1,1,1,1,1,1,35,2,1,1,1,2,8,7,7,8,7,7,9,7,8,2,2,2,3,1,1.916666667,2,1,1,2,1,1,1,3,4,3,7,4
196,4,11,1,1,1,3,3,4,4,1,1,1,1,1,1,1,1,25,1,1,1,1,2,11,8,10,11,8,10,11,10,11,2,7,2,3,1,1.631578947,2,1,1,3,1,2,1,6,6,6,7,4
197,4,8,1,1,1,3,3,1,4,1,1,1,1,1,1,1,1,26,2,1,1,1,2,10,9,9,10,9,9,11,9,10,8,2,5,4,2,2.833333333,2,1,1,2,2,2,2,7,7,7,7,4
198,3,6,1,1,1,3,6,2,2,1,1,1,1,1,1,1,1,4,2,1,1,1,2,11,8,9,11,8,9,11,8,10,3,6,6,6,1,2.791666667,3,1,1,3,2,2,9,8,7,7,7,4
199,3,9,1,1,1,1,1,2,4,1,1,1,1,1,1,1,1,16,2,1,1,1,2,11,9,10,11,9,10,11,9,10,7,2,7,3,0,1.458333333,2,1,1,2,1,2,6,8,8,7,7,4
200,1,7,1,1,1,3,1,1,4,1,1,1,1,1,1,1,1,37,3,1,1,1,3,9,7,8,9,7,8,9,7,8,2,2,2,3,2,2.272727273,2,1,1,2,2,2,1,6,5,5,7,4
201,1,7,1,1,1,3,1,1,4,1,1,1,1,1,1,1,1,37,1,1,1,1,2,12,10,11,12,10,11,12,9,10,2,2,7,3,0,1.541666667,2,1,1,2,1,2,1,7,7,7,7,4
202,2,9,1,1,1,3,1,5,6,1,1,1,1,1,1,1,1,6,1,1,1,1,2,6,3,4,6,3,4,8,3,5,2,2,3,4,1,2.625,2,1,1,2,1,1,9,7,6,6,7,4
203,4,10,1,1,1,2,3,2,4,1,1,1,1,1,1,1,1,4,1,1,1,1,2,8,8,8,8,8,8,10,8,9,6,6,2,3,0,2.315789474,2,1,1,2,1,2,1,5,4,4,7,4
204,4,6,4,2,1,1,6,1,4,1,1,1,1,1,1,1,1,37,2,1,1,1,2,12,9,10,12,9,10,12,9,10,2,8,2,2,0,1.260869565,2,1,1,2,1,1,1,5,5,5,7,4
205,1,10,1,1,1,3,1,2,4,1,1,1,1,1,1,1,1,4,1,1,1,1,2,9,8,8,9,8,8,11,8,9,3,7,5,3,1,2.29787234,2,1,1,2,1,2,1,6,5,5,7,4
206,3,2,1,1,1,3,3,1,4,1,1,1,1,1,1,1,1,40,3,1,1,1,2,7,6,6,7,6,6,8,6,7,6,8,3,3,1,2.0,2,1,1,2,1,1,2,5,4,4,7,4
207,4,6,1,1,1,3,2,3,4,1,1,1,1,1,1,1,1,24,1,1,1,1,2,12,9,11,12,9,11,12,9,11,2,2,9,3,0,1.75,2,1,1,2,1,2,9,6,6,6,7,4
208,4,9,1,1,1,2,3,1,9,1,1,1,1,1,1,1,1,26,1,1,1,1,2,11,10,10,11,10,10,12,9,10,3,8,6,6,3,4.833333333,3,1,3,4,2,3,1,7,6,6,7,4
209,4,7,2,2,1,1,3,1,4,1,1,1,1,1,1,1,1,29,1,1,1,1,2,11,10,10,11,10,10,12,10,11,2,5,3,2,1,1.75,2,1,1,2,2,2,6,10,8,9,7,4
210,1,5,2,1,1,3,2,1,4,1,1,1,1,1,1,1,1,12,2,1,1,1,2,8,5,6,8,5,6,9,5,6,2,6,3,2,1,1.565217391,2,1,1,2,1,2,2,6,5,5,7,4
211,3,4,1,1,1,5,4,1,4,1,1,1,1,1,1,1,1,15,3,1,1,1,2,9,6,7,9,6,7,7,5,6,2,3,2,3,1,2.263157895,2,1,1,3,2,2,2,3,3,3,7,4
212,1,5,1,1,1,3,1,1,4,1,1,1,1,1,1,1,1,26,2,1,1,1,2,7,6,6,7,6,6,8,5,6,3,2,1,4,1,2.708333333,2,1,1,3,2,2,9,6,5,6,7,4
213,4,11,1,1,1,3,3,2,4,1,1,1,1,1,1,1,1,4,4,1,1,1,2,11,9,10,11,9,10,12,9,10,6,10,6,5,0,1.782608696,2,1,1,3,1,2,1,7,7,7,7,4
214,4,5,1,1,1,2,3,4,4,1,1,1,1,1,2,1,2,4,2,1,1,1,2,7,6,6,7,6,6,10,7,8,6,8,2,4,1,2.25,2,1,2,2,1,2,9,4,4,4,7,4
215,4,7,2,2,1,3,1,1,4,1,1,1,1,1,1,1,1,37,2,1,1,1,2,12,10,11,12,10,11,11,9,10,9,9,5,3,0,1.75,2,1,1,2,1,2,9,7,6,6,7,4
216,2,9,1,1,1,3,1,3,4,1,1,1,1,1,1,1,1,30,2,1,1,1,2,8,6,7,8,6,7,10,6,8,1,1,3,2,1,1.5,2,1,1,3,1,2,9,6,5,5,7,4
217,1,8,2,1,1,3,1,1,4,1,1,1,1,1,1,1,1,29,2,1,1,1,2,11,9,10,11,9,10,12,8,10,2,2,1,2,0,1.260869565,2,1,1,2,1,1,2,6,6,6,7,4
218,4,6,2,1,1,3,1,1,4,1,1,1,1,1,1,1,1,12,1,1,1,1,2,11,10,10,11,10,10,11,9,10,2,2,7,3,0,1.833333333,2,1,1,3,1,2,6,8,8,8,7,4
219,1,9,2,1,1,3,1,1,4,1,1,1,1,1,1,1,1,9,2,1,1,1,2,11,10,11,11,10,11,12,9,10,2,2,5,3,1,1.958333333,2,1,1,2,1,2,1,7,7,7,7,4
220,4,4,1,1,1,3,4,5,4,1,1,1,1,1,1,1,1,4,2,1,1,1,2,9,6,7,9,6,7,9,6,7,1,2,4,4,1,2.173913043,2,1,1,2,1,2,2,6,6,6,7,4
221,4,5,4,1,1,1,1,1,4,1,1,1,1,1,1,1,1,12,2,1,1,1,2,10,9,9,10,9,9,11,9,10,10,8,8,2,1,1.684210526,2,1,1,3,1,2,1,5,5,5,7,4
222,3,6,2,1,1,2,2,2,4,1,1,1,1,1,1,1,1,16,4,1,1,1,2,7,6,6,7,6,6,6,2,4,6,3,3,3,1,1.958333333,2,1,1,3,2,2,2,5,4,4,7,4
223,4,8,1,1,1,2,5,1,4,1,1,1,1,1,1,1,1,12,1,1,1,1,2,12,9,10,12,9,10,12,9,10,7,2,10,3,1,2.0,2,1,1,3,2,2,1,7,7,7,7,4
224,6,7,4,1,1,3,6,1,4,1,1,1,1,1,1,1,1,12,2,1,1,1,2,10,8,9,10,8,9,11,7,9,1,2,2,3,1,1.5,2,1,1,3,1,2,2,3,4,3,7,4
225,3,9,2,1,1,2,3,2,4,1,1,1,1,1,1,1,1,16,2,1,1,1,3,8,5,6,8,5,6,9,5,7,6,6,3,2,0,1.47826087,2,1,1,3,1,2,2,6,4,5,7,4
226,4,8,1,2,1,3,1,2,4,1,1,1,1,1,1,1,1,16,2,1,1,1,2,10,9,9,10,9,9,11,9,10,10,9,8,5,0,1.25,2,1,1,4,1,2,1,8,8,8,7,4
227,3,5,1,1,1,2,5,1,2,1,1,1,1,1,1,1,1,37,1,1,1,1,2,11,10,10,11,10,10,11,9,10,2,2,8,3,1,1.4,2,1,1,2,1,1,1,6,6,6,7,4
228,4,7,1,1,1,3,3,4,4,1,1,1,1,1,1,1,1,28,2,1,1,1,2,6,4,5,6,4,5,7,4,6,3,6,2,4,0,1.95,2,1,1,3,2,2,9,5,3,4,7,4
229,4,10,1,1,1,3,3,1,4,1,1,1,1,1,1,1,1,29,2,1,1,1,2,11,11,11,11,11,11,12,11,11,2,2,2,4,2,2.736842105,2,1,2,3,2,2,6,7,6,6,7,4
230,4,11,1,1,1,2,4,5,4,1,1,1,1,1,1,1,1,35,1,1,1,1,2,11,9,10,11,9,10,11,9,10,2,6,6,5,2,3.458333333,3,1,2,3,1,2,1,8,7,7,7,4
231,1,5,1,1,1,3,3,1,4,1,1,1,1,1,1,1,1,37,2,1,1,1,2,12,10,11,12,10,11,12,9,10,2,5,7,3,1,2.208333333,2,1,1,2,1,2,6,8,7,7,7,4
232,4,5,1,1,1,3,12,2,4,1,1,1,1,1,1,1,1,4,2,1,1,1,2,11,9,10,11,9,10,11,7,9,8,6,3,6,0,3.333333333,3,1,2,4,2,3,1,7,7,6,7,4
233,2,5,1,1,1,3,1,1,4,1,1,1,1,1,1,1,1,15,2,1,1,1,2,6,4,5,6,4,5,6,4,5,3,6,6,3,2,2.473684211,2,1,2,2,2,2,9,4,3,3,7,4
234,2,9,2,2,1,3,3,1,4,1,1,1,1,1,1,1,1,37,2,1,1,1,2,11,9,10,11,9,10,11,10,11,2,7,2,2,1,1.7,2,1,1,2,1,1,1,5,5,5,7,4
235,2,11,2,1,1,2,1,4,6,1,1,1,1,1,1,1,1,8,2,1,1,1,2,12,10,11,12,10,11,12,9,11,3,3,8,4,1,2.181818182,2,1,2,2,1,2,6,9,7,8,7,4
236,4,5,1,1,1,3,5,1,9,1,1,1,1,1,1,1,1,37,2,1,1,1,2,9,6,7,9,6,7,10,8,9,2,3,3,5,1,4.333333333,4,1,3,4,2,3,1,5,4,4,7,4
237,2,7,1,1,1,1,1,5,4,1,1,1,1,1,1,1,1,1,2,1,1,1,2,10,9,9,10,9,9,11,9,9,5,5,8,4,2,3.15,2,2,2,3,2,2,3,5,6,5,7,4
238,4,7,2,1,1,5,11,3,4,1,1,1,1,1,1,1,1,35,3,1,1,1,2,12,10,11,12,10,11,11,9,10,2,2,10,3,2,2.526315789,2,1,1,3,2,2,6,6,6,6,7,4
239,3,5,2,1,1,3,3,1,4,1,1,1,1,1,1,1,1,12,2,1,1,1,3,12,10,11,12,10,11,12,9,10,2,3,7,3,1,1.791666667,2,1,1,2,1,1,6,8,7,7,7,4
240,4,11,2,1,1,3,1,4,4,1,1,1,1,1,1,1,1,45,3,1,1,1,2,12,10,11,12,10,11,12,10,11,2,3,2,5,1,4.090909091,4,2,3,4,3,3,1,8,7,7,7,4
241,2,6,1,1,1,1,5,4,4,1,1,1,1,1,1,1,1,17,2,1,1,1,2,12,10,11,12,10,11,11,9,10,2,2,2,3,2,2.25,2,1,1,2,1,1,1,6,6,6,7,4
242,3,7,1,1,1,2,4,4,4,1,1,1,1,1,1,1,1,13,1,1,1,1,2,7,6,6,7,6,6,8,6,7,2,6,3,3,2,2.25,2,1,1,2,1,2,9,4,3,3,7,4
243,4,11,2,1,1,1,4,3,4,1,1,1,1,1,1,1,1,44,1,1,1,1,2,12,9,10,12,9,10,12,9,10,2,5,7,3,1,1.95,3,1,1,2,1,1,3,5,6,5,7,4
244,3,8,1,1,1,1,3,4,4,1,1,1,1,1,1,1,3,17,1,1,1,1,2,11,9,10,11,9,10,12,9,10,2,7,7,2,1,1.578947368,2,1,2,2,1,2,3,6,6,6,7,4
245,4,11,1,1,1,3,3,4,4,2,1,2,1,2,1,2,1,35,1,1,1,1,2,11,9,10,11,9,10,11,9,10,2,7,7,3,2,2.5,2,1,2,3,2,2,3,5,5,5,7,4
246,1,6,1,1,1,2,5,5,4,1,1,1,1,1,1,1,1,20,1,1,1,1,2,11,9,10,11,9,10,12,9,10,2,8,5,3,1,2.222222222,2,1,1,3,1,2,1,5,5,5,7,4
247,2,12,1,2,1,3,2,1,4,1,1,1,1,1,1,1,1,15,3,1,1,1,2,12,11,11,12,11,11,11,9,10,2,2,5,3,1,2.055555556,3,2,2,2,1,2,6,7,7,7,7,4
248,3,7,2,1,1,1,1,4,4,1,1,1,1,1,1,1,1,13,2,1,1,1,2,11,9,9,11,9,9,12,9,10,5,2,10,4,1,1.95,2,1,1,3,2,2,6,6,6,6,7,4
249,4,5,1,1,1,3,6,1,4,1,1,1,1,1,1,1,1,12,2,1,1,1,3,11,9,10,11,9,10,11,9,9,2,2,8,4,1,1.75,2,1,1,3,2,2,1,7,7,7,7,4
250,6,5,1,1,1,3,1,5,4,1,1,1,1,1,1,1,1,37,3,1,1,1,2,10,9,10,10,9,10,12,9,10,7,2,9,3,1,2.2,2,1,1,2,2,2,9,6,6,6,7,4
251,2,10,1,1,1,3,3,1,9,1,1,1,1,1,1,1,1,37,2,1,1,1,2,12,9,10,12,9,10,11,9,10,7,2,5,4,1,2.263157895,2,1,1,3,1,2,3,6,6,6,7,4
252,4,5,1,1,1,2,7,1,4,1,1,1,1,1,1,1,1,40,1,1,1,1,2,11,9,10,11,9,10,11,9,10,2,8,6,6,1,4.166666667,3,1,3,4,2,3,1,7,6,7,7,4
253,4,7,2,1,1,3,2,1,4,1,1,1,1,1,1,1,1,12,1,1,1,1,2,12,10,11,12,10,11,12,9,10,1,5,5,2,2,2.0,2,1,1,2,1,1,3,10,9,9,7,4
254,3,5,2,1,1,3,4,4,4,1,1,1,1,1,1,1,1,8,1,1,1,1,2,12,10,10,12,10,10,12,9,10,5,7,7,2,1,1.75,2,1,1,2,1,1,6,6,6,5,7,4
255,3,8,1,1,1,3,4,1,4,1,1,1,1,1,1,1,1,12,1,1,1,1,2,12,9,10,12,9,10,12,10,11,2,10,2,3,1,2.05,2,1,1,2,1,1,9,5,5,5,7,4
256,4,9,1,1,1,3,5,1,4,1,1,1,1,1,1,1,1,12,2,1,1,1,2,11,10,11,11,10,11,12,9,10,6,6,6,5,1,2.565217391,3,1,1,3,2,2,6,8,7,7,7,4
257,5,6,1,1,1,1,3,4,4,1,1,1,1,1,1,1,1,28,1,1,1,1,2,6,4,5,6,4,5,7,4,6,3,6,2,4,0,1.95,2,1,1,3,2,2,9,5,3,4,7,4
258,4,10,2,1,1,3,3,2,4,1,1,1,1,1,1,1,1,4,2,1,1,1,2,11,8,10,11,8,10,11,7,9,2,5,2,5,1,2.789473684,2,1,1,3,1,2,3,4,5,5,7,4
259,7,10,1,1,1,2,3,4,4,1,1,1,1,1,1,1,1,38,2,1,1,1,2,12,10,11,12,10,11,12,9,10,2,5,5,2,1,1.916666667,2,1,1,2,2,2,1,9,9,9,7,4
260,4,6,1,1,1,1,1,1,4,1,1,1,1,1,1,1,1,29,1,1,1,1,2,10,9,9,10,9,9,11,8,9,5,2,2,5,2,3.894736842,3,2,2,3,2,3,9,4,4,4,7,4
261,1,4,2,1,1,2,2,2,4,1,1,1,1,1,1,1,1,4,2,1,1,1,2,10,8,9,10,8,9,10,6,8,2,7,9,3,1,1.978723404,2,1,1,3,2,2,1,5,4,4,7,4
262,1,5,1,1,1,3,3,1,4,1,1,1,1,1,1,1,1,37,1,1,1,1,2,10,8,9,10,8,9,10,6,8,2,7,9,3,1,1.978723404,2,1,1,3,2,2,1,5,4,4,7,4
263,2,6,1,1,1,3,3,1,4,1,1,1,1,1,1,1,1,26,2,1,1,1,2,9,7,8,9,7,8,9,6,7,2,2,3,3,0,1.647058824,2,1,1,2,1,1,2,4,4,4,7,4
264,1,8,1,2,1,3,1,1,4,1,1,1,1,1,1,1,1,37,2,1,1,1,2,11,10,10,11,10,10,11,10,10,2,3,3,5,0,3.909090909,3,2,3,3,2,3,6,7,7,7,7,4
265,3,6,1,1,1,2,4,3,4,1,1,1,1,1,1,1,1,39,2,1,1,1,2,11,8,9,11,8,9,10,8,8,2,6,6,2,0,1.052631579,2,1,1,2,1,2,2,3,3,3,7,4
266,4,4,2,1,1,3,5,4,4,1,1,1,1,1,1,1,1,6,1,1,1,1,2,11,9,10,11,9,10,11,9,10,5,8,7,3,0,1.526315789,2,1,1,2,1,1,1,6,6,6,7,4
267,4,4,2,1,1,3,4,1,4,1,1,1,1,1,1,1,1,37,1,1,1,1,2,11,9,10,11,9,10,12,9,10,2,5,7,3,1,2.0,2,1,1,2,1,2,1,7,7,7,7,4
268,3,8,2,1,1,2,1,3,4,1,1,1,1,1,1,1,1,44,2,1,1,1,2,11,10,10,11,10,10,12,9,10,2,7,7,3,1,2.473684211,2,1,1,2,1,2,1,6,6,6,7,4
269,1,7,1,1,1,3,4,1,4,1,1,1,1,1,1,1,1,26,1,1,1,1,2,11,10,11,11,10,11,11,10,11,2,2,7,4,2,2.55,2,1,2,2,2,2,6,6,6,6,7,4
270,1,10,1,1,1,3,1,1,4,1,1,1,1,1,1,1,1,23,2,1,1,1,2,9,7,8,9,7,8,10,7,8,2,3,6,6,2,2.833333333,3,2,2,4,1,2,9,6,6,6,7,4
271,3,6,1,1,1,3,2,2,4,1,1,1,1,1,1,1,1,4,1,1,1,1,2,12,10,11,12,10,11,12,9,10,2,2,10,3,1,2.052631579,2,1,1,3,2,2,6,6,6,5,7,4
272,3,10,1,1,1,2,5,4,4,1,1,1,1,1,1,1,1,17,1,1,1,1,2,6,5,5,6,5,5,9,5,7,2,6,2,3,2,2.166666667,2,1,1,3,1,2,9,4,3,3,7,4
273,4,12,1,2,1,2,3,5,4,1,1,1,1,1,1,1,1,45,2,1,1,1,2,12,11,11,12,11,11,11,9,10,2,2,5,3,1,2.055555556,3,2,2,2,1,2,6,7,7,7,7,4
274,3,4,1,1,1,1,1,3,4,1,1,1,1,1,1,1,1,30,2,1,1,1,3,12,10,11,12,10,11,12,9,10,2,2,10,3,1,2.052631579,2,1,1,3,2,2,6,6,6,5,7,4
275,1,8,1,1,1,3,6,2,2,1,1,1,1,1,1,1,1,16,1,1,1,1,2,10,8,9,10,8,9,11,7,9,1,2,2,3,1,1.5,2,1,1,3,1,2,2,3,4,3,7,4
276,4,7,2,2,1,3,3,2,4,1,1,1,2,3,2,3,2,4,1,1,1,1,2,11,9,10,11,9,10,11,9,10,7,2,2,3,1,2.3,2,1,1,2,2,2,3,5,6,6,7,4
277,4,1,1,1,1,1,1,5,4,1,3,1,3,1,3,1,3,16,1,1,1,1,2,11,10,11,11,10,11,12,10,11,2,2,5,3,1,2.45,2,2,2,3,1,2,6,5,6,5,7,4
278,1,5,1,1,1,3,1,1,4,1,1,1,1,1,1,1,1,37,2,1,1,1,2,12,10,11,12,10,11,12,9,11,2,6,2,5,0,1.869565217,3,1,1,3,1,2,6,9,8,8,7,4
279,3,11,2,1,1,3,1,2,4,1,1,1,1,1,1,1,1,4,2,1,1,1,2,11,10,10,11,10,10,12,9,10,5,2,2,3,1,2.05,2,1,1,3,2,2,1,7,7,7,7,4
280,1,5,1,1,1,3,1,1,4,1,1,1,1,1,1,1,1,29,2,1,1,1,2,10,8,9,10,8,9,10,6,8,7,2,9,3,0,1.382978723,2,1,1,2,2,2,1,4,4,4,7,4
281,1,6,1,1,1,2,5,1,4,1,1,1,1,1,1,1,1,3,1,1,1,1,2,12,10,11,12,10,11,12,8,9,2,2,7,4,1,2.14893617,2,1,2,2,1,1,6,7,6,7,7,4
282,4,5,1,2,1,1,2,3,6,1,1,1,1,1,1,1,1,30,2,1,1,1,2,10,4,8,10,4,8,9,5,7,2,6,6,3,2,2.684210526,2,1,1,3,3,3,1,4,4,3,7,4
283,3,4,1,1,1,1,3,1,4,1,1,1,1,1,1,1,1,26,2,1,1,1,2,8,6,7,8,6,7,8,4,6,6,3,3,3,0,1.736842105,2,1,1,2,1,2,2,4,3,3,7,4
284,2,7,1,1,1,1,10,2,4,1,1,1,1,1,1,1,1,4,3,1,1,1,2,5,4,4,5,4,4,6,4,5,2,6,6,3,1,2.0,3,2,2,2,2,2,1,4,3,3,7,4
285,4,11,1,1,1,3,3,3,4,1,1,1,1,1,1,1,1,35,1,1,1,1,2,12,9,10,12,9,10,12,9,10,7,7,9,2,0,1.217391304,2,1,1,3,2,2,2,8,8,8,7,4
286,7,5,2,1,1,3,4,4,4,1,1,1,1,1,1,1,1,17,1,1,1,1,2,9,6,8,9,6,8,10,6,8,1,2,2,2,0,1.125,2,1,1,2,1,1,2,5,5,5,7,4
287,1,6,1,1,1,3,3,1,4,1,1,1,1,1,1,1,1,37,2,1,1,1,2,10,8,9,10,8,9,10,5,7,2,2,7,3,0,1.063829787,2,1,1,3,2,2,6,4,4,4,7,4
288,4,9,2,1,1,3,4,4,4,1,1,1,1,1,1,1,1,13,1,1,1,1,2,11,10,10,11,10,10,11,9,10,2,10,7,3,1,1.684210526,2,1,1,2,1,1,1,5,5,5,7,4
289,2,11,1,1,1,3,8,4,4,1,1,1,1,1,1,1,1,33,1,1,1,1,2,12,10,11,12,10,11,11,9,10,9,9,5,3,0,1.75,2,1,1,2,1,2,9,7,6,6,7,4
290,1,1,1,1,1,3,1,1,4,1,1,1,1,1,1,1,1,37,2,1,1,1,2,11,10,11,11,10,11,12,10,11,2,6,6,3,0,1.636363636,2,1,1,2,1,2,6,9,7,8,7,4
291,2,8,2,1,1,3,8,1,4,1,1,1,1,1,1,1,1,37,2,1,1,1,2,11,10,11,11,10,11,12,10,11,6,6,3,3,0,1.727272727,2,1,1,2,1,2,6,9,7,8,7,4
292,4,10,3,1,1,3,3,1,4,1,2,1,2,1,2,1,2,29,1,1,1,1,2,9,6,8,9,6,8,9,6,7,5,2,8,4,2,3.210526316,2,1,2,3,1,2,9,4,5,4,7,4
293,4,7,2,1,1,1,4,2,4,1,1,1,1,1,1,1,1,16,1,1,1,1,2,10,8,8,10,8,8,10,8,9,2,6,7,3,0,1.617021277,2,1,1,2,1,1,1,4,4,4,7,4
294,2,1,1,1,1,3,3,1,4,1,2,1,3,1,3,1,3,37,2,1,1,1,2,8,5,6,8,5,6,9,6,7,2,3,2,4,0,1.947368421,2,1,1,2,1,1,3,4,4,3,7,4
295,4,8,1,1,1,3,6,1,4,1,1,1,1,1,1,1,1,29,1,1,1,1,2,9,7,7,9,7,7,9,4,7,3,8,3,3,0,1.541666667,2,1,1,3,2,2,3,7,6,6,7,4
296,7,4,4,1,1,3,5,2,4,1,1,1,1,1,1,1,1,4,1,1,1,1,2,6,4,5,6,4,5,6,4,5,3,6,6,3,2,2.473684211,2,1,2,2,2,2,9,4,3,3,7,4
297,1,7,2,1,1,3,2,1,4,1,1,1,1,1,1,1,1,37,2,1,1,1,2,12,9,10,12,9,10,12,10,10,2,2,9,5,0,2.260869565,3,1,1,3,1,1,8,9,9,9,7,4
298,4,5,1,1,1,2,2,1,4,1,1,1,1,1,1,1,1,37,2,1,1,1,3,10,8,9,10,8,9,11,9,10,7,7,5,3,0,1.5,2,1,2,2,1,2,2,8,8,7,7,4
299,4,10,1,1,1,3,4,2,4,1,1,1,1,1,1,1,1,16,3,1,1,1,2,10,7,8,10,7,8,9,7,8,8,2,3,4,2,2.695652174,2,1,1,2,2,2,3,7,5,6,7,4
300,3,5,2,1,1,3,2,3,4,1,1,1,1,1,1,1,1,42,2,1,1,1,2,12,10,11,12,10,11,11,9,10,2,2,9,4,1,2.473684211,2,1,2,2,1,2,6,6,6,6,7,4
301,1,10,2,1,1,3,2,2,4,1,1,1,1,1,1,1,1,16,1,1,1,1,2,11,10,10,11,10,10,12,10,11,2,9,2,3,1,1.75,2,1,1,2,1,2,1,5,5,5,7,4
302,4,11,1,1,1,3,5,3,4,1,1,1,1,1,1,1,1,44,1,1,1,1,2,12,10,10,12,10,10,11,9,10,2,7,9,3,1,2.263157895,2,1,1,2,2,2,2,7,6,6,7,4
303,4,5,1,1,1,4,3,3,4,1,1,1,1,1,1,1,1,18,3,1,1,1,2,6,3,5,6,3,5,7,5,5,2,2,6,2,1,1.75,2,1,1,2,2,2,1,5,4,4,7,4
304,1,10,1,2,1,3,3,1,4,1,1,1,1,1,1,1,1,12,2,1,1,1,2,11,10,10,11,10,10,12,9,10,2,10,10,4,2,2.9,2,1,1,3,1,2,1,7,6,6,7,4
305,4,5,2,1,1,3,2,1,4,1,2,1,2,1,2,1,2,37,2,1,1,1,2,12,9,10,12,9,10,11,9,10,2,5,5,2,0,1.4375,2,1,1,2,1,1,6,7,7,7,7,4
306,1,4,1,1,1,3,1,1,4,1,1,1,1,1,1,1,1,15,2,1,1,1,2,12,9,10,12,9,10,10,9,9,5,7,10,3,0,2.125,2,1,1,4,2,2,2,7,8,7,7,4
307,3,8,1,2,1,3,6,4,4,1,1,1,1,1,1,1,1,32,2,1,1,1,2,9,7,8,9,7,8,9,7,8,2,6,6,3,0,1.875,2,1,1,3,2,2,1,2,2,2,7,4
308,4,6,2,1,1,1,1,3,4,1,1,1,1,1,1,1,1,44,2,1,1,1,2,11,9,10,11,9,10,11,9,9,5,5,8,4,2,2.7,2,2,2,3,2,2,3,5,6,6,7,4
309,2,8,1,1,3,3,1,1,1,1,1,1,1,1,1,1,1,26,2,1,1,1,2,6,4,4,6,4,4,7,4,5,2,6,3,3,1,2.105263158,2,1,2,2,1,2,2,6,4,5,7,4
310,1,8,1,1,1,2,2,1,4,1,1,1,1,1,1,1,1,37,2,1,1,1,2,11,9,10,11,9,10,11,8,10,2,2,5,3,1,1.736842105,2,1,1,3,2,2,1,6,6,6,7,4
311,6,10,1,1,1,5,8,1,4,1,1,1,1,1,1,1,1,12,1,1,1,1,2,12,10,11,12,10,11,11,9,10,2,2,2,3,2,2.25,2,1,1,2,1,1,1,6,6,6,7,4
312,3,10,1,1,1,3,3,4,4,1,1,1,1,1,1,1,1,17,3,1,1,1,2,12,10,11,12,10,11,11,9,10,2,2,7,2,0,1.4,2,1,1,2,1,1,1,6,5,5,7,4
313,4,8,1,2,1,3,5,1,9,1,1,1,1,1,1,1,1,15,2,1,1,1,2,12,9,10,12,9,10,12,9,11,8,8,6,2,0,1.181818182,2,1,1,2,1,2,1,9,9,9,7,4
314,3,5,1,1,1,3,5,3,4,1,1,1,1,1,1,1,1,35,1,1,1,1,2,8,6,7,8,6,7,9,5,7,3,3,3,3,2,2.058823529,2,1,1,3,2,2,9,3,3,3,7,4
315,3,6,1,1,1,3,4,3,4,1,1,1,1,1,1,1,1,18,1,1,1,1,2,12,10,11,12,10,11,11,9,10,2,2,9,4,1,2.473684211,2,1,2,2,1,2,6,6,6,6,7,4
316,4,6,1,1,1,3,1,1,4,1,1,1,1,1,1,1,1,12,1,1,1,1,2,11,9,10,11,9,10,11,9,10,2,5,2,3,0,1.820512821,2,1,1,2,1,1,1,5,5,5,7,4
317,3,6,2,1,1,3,3,4,4,1,1,1,1,1,1,1,1,13,1,1,1,1,2,12,11,11,12,11,11,12,9,10,2,7,8,3,1,1.913043478,2,1,2,2,1,2,6,8,8,8,7,4
318,3,12,1,1,1,3,3,2,4,1,1,1,1,1,1,1,1,16,1,1,1,1,2,11,10,10,11,10,10,12,10,10,5,3,5,2,1,1.6,2,1,1,2,1,1,9,9,7,8,7,4
319,3,6,1,1,1,3,1,4,4,1,1,1,1,1,1,1,1,38,1,1,1,1,2,10,8,9,10,8,9,10,8,9,2,2,2,3,2,2.4,2,1,1,3,2,2,3,5,5,5,7,4
320,4,11,1,1,1,2,1,3,4,1,1,1,1,1,1,1,1,44,2,1,1,1,3,11,9,10,11,9,10,12,8,10,2,2,1,2,0,1.260869565,2,1,1,2,1,1,2,6,6,6,7,4
321,4,10,1,2,1,3,3,1,4,1,1,1,1,1,1,1,1,12,2,1,1,1,2,11,9,10,11,9,10,12,9,10,5,2,2,3,1,1.583333333,2,1,1,2,1,1,6,7,7,7,7,4
322,3,8,1,1,1,1,3,5,4,1,1,1,1,1,1,1,1,45,1,1,1,1,2,11,10,10,11,10,10,11,9,10,5,2,9,3,0,1.631578947,2,1,2,2,1,2,6,6,7,6,7,4
323,4,12,1,1,1,3,2,5,4,1,1,1,1,1,1,1,1,35,2,1,1,1,2,11,9,10,11,9,10,11,8,9,3,8,3,5,0,1.875,3,1,1,4,2,2,1,7,7,7,7,4
324,3,6,1,1,1,2,6,2,4,1,1,1,1,1,1,1,1,4,2,1,1,1,2,12,9,10,12,9,10,12,9,10,7,7,9,2,0,1.217391304,2,1,1,3,2,2,2,8,8,8,7,4
325,4,8,1,1,1,2,3,2,4,1,1,1,1,1,1,1,1,16,2,1,1,1,2,9,8,8,9,8,8,11,8,9,2,2,2,3,1,2.0,2,1,1,2,1,2,1,4,4,4,7,4
326,4,6,2,1,1,3,5,2,9,1,1,1,1,1,1,1,1,16,2,1,1,1,2,10,7,8,10,7,8,10,6,8,1,6,3,3,0,1.391304348,2,1,2,2,2,2,1,6,5,5,7,4
327,1,3,4,1,1,3,1,2,4,1,1,1,1,1,1,1,1,4,1,1,1,1,2,10,8,9,10,8,9,11,8,9,3,7,2,4,0,1.347826087,2,1,1,2,1,1,6,4,4,4,7,4
328,4,7,1,1,1,1,3,5,4,1,1,1,1,1,1,1,1,5,1,1,1,1,2,11,10,11,11,10,11,11,9,10,2,7,7,3,2,2.421052632,2,1,1,2,1,2,6,6,6,6,7,4
329,4,9,1,1,1,2,1,1,4,1,1,1,1,1,1,1,1,12,2,1,1,1,2,10,8,8,10,8,8,10,7,8,3,2,3,3,1,1.75,2,1,1,2,1,2,2,7,6,6,7,4
330,3,10,1,1,1,2,2,3,2,1,1,1,1,1,1,1,1,35,2,1,1,1,3,11,11,11,11,11,11,11,10,11,2,5,5,3,1,2.05,2,1,1,3,2,2,6,6,6,6,7,4
331,4,8,1,1,1,2,6,1,9,1,1,1,1,1,1,1,1,26,2,1,1,1,2,10,9,9,10,9,9,11,9,10,8,5,5,3,2,2.411764706,3,2,2,2,2,2,1,5,6,5,7,4
332,4,1,1,1,1,2,2,2,4,1,1,3,1,3,1,3,2,4,3,1,1,1,2,11,10,10,11,10,10,12,9,10,7,7,2,3,1,1.5,2,1,1,2,1,2,2,7,6,6,7,4
333,1,5,1,1,1,3,1,1,4,1,1,1,1,1,1,1,1,37,2,1,1,1,2,10,9,9,10,9,9,12,9,10,8,10,5,4,1,2.375,2,1,2,2,1,1,1,7,6,6,7,4
334,3,9,1,1,1,3,4,1,4,1,1,1,1,1,1,1,1,12,2,1,1,1,3,11,9,10,11,9,10,12,9,10,2,7,7,2,0,1.5,2,1,1,2,1,2,1,6,6,6,7,4
335,3,8,1,1,1,2,3,1,9,1,1,1,1,1,1,1,1,37,1,1,1,1,2,11,10,11,11,10,11,12,10,11,5,9,2,3,0,1.666666667,2,1,1,3,2,2,6,8,7,7,7,4
336,3,10,1,1,1,3,1,3,4,1,1,1,1,1,1,1,1,18,1,1,1,1,2,11,10,11,11,10,11,11,9,10,2,2,5,2,1,1.65,2,1,2,3,2,2,1,7,7,7,7,4
337,1,5,1,1,1,3,2,1,4,1,1,1,1,1,1,1,1,3,2,1,1,1,2,10,9,9,10,9,9,10,6,8,8,7,9,3,2,2.382978723,2,1,1,3,2,2,1,5,4,4,7,4
338,4,10,1,1,1,3,3,3,4,1,1,1,1,1,1,1,1,24,1,1,1,1,2,9,8,8,9,8,8,10,7,8,5,5,8,3,1,2.052631579,2,1,1,2,1,1,9,5,5,5,7,4
339,4,6,1,1,1,3,2,1,4,1,1,1,1,1,1,1,1,40,2,1,1,1,3,9,6,7,9,6,7,10,6,8,1,1,3,3,1,1.458333333,2,1,1,3,2,2,2,6,5,5,7,4
340,4,5,1,1,1,2,3,4,4,1,1,1,1,1,1,1,1,1,1,1,1,1,2,11,10,10,11,10,10,11,9,10,7,7,5,3,0,1.95,2,1,1,2,1,1,9,7,7,6,7,4
341,4,10,1,1,1,2,4,2,4,1,1,1,1,1,1,1,1,4,2,1,1,1,2,4,3,3,4,3,3,7,4,5,6,6,3,3,1,2.263157895,2,1,1,3,1,1,9,5,3,3,7,4
342,3,11,1,1,1,1,1,1,4,1,1,1,1,1,1,1,1,37,3,1,1,1,4,11,10,10,11,10,10,12,10,11,2,5,2,4,1,2.052631579,2,1,1,3,2,2,6,6,6,6,7,4
343,4,5,1,1,1,1,3,1,4,1,1,1,1,1,1,1,1,37,1,1,1,1,2,12,10,11,12,10,11,12,9,10,2,2,7,3,1,2.239130435,2,1,1,3,1,2,6,7,6,6,7,4
344,3,5,1,1,1,3,3,4,4,1,2,1,2,1,3,1,3,4,1,1,1,1,2,12,9,10,12,9,10,12,10,11,2,5,2,2,1,1.6,2,1,2,2,2,2,1,5,6,6,7,4
345,3,11,1,1,1,3,2,3,4,1,1,1,1,1,1,1,1,44,2,1,1,1,2,12,11,11,12,11,11,12,11,11,3,3,3,6,0,4.636363636,4,1,3,2,2,2,6,9,9,9,7,4
346,4,9,1,1,1,3,6,2,4,1,1,1,1,1,1,1,1,4,2,1,1,1,2,12,10,10,12,10,10,11,9,10,2,7,9,3,1,2.263157895,2,1,1,2,2,2,2,7,6,6,7,4
347,5,7,1,1,1,2,2,3,4,1,1,1,1,1,1,1,1,35,1,1,1,1,2,12,10,11,12,10,11,12,9,10,2,5,7,3,1,2.208333333,2,1,1,2,1,2,6,8,7,7,7,4
348,2,11,2,1,1,3,1,2,4,1,1,1,1,1,1,1,1,4,2,1,1,1,2,11,8,10,11,8,10,11,7,9,2,5,2,5,1,2.789473684,2,1,1,3,1,2,3,4,5,5,7,4
349,3,11,1,2,1,2,2,5,4,1,1,1,1,1,1,1,1,45,2,1,1,1,3,11,10,10,11,10,10,12,10,11,2,2,2,4,1,2.170212766,2,1,1,3,1,2,6,6,5,5,7,4
350,3,5,1,1,1,2,5,1,4,1,1,1,1,1,1,1,1,37,1,1,1,1,2,11,10,10,11,10,10,12,9,10,5,2,2,3,1,2.05,2,1,1,3,2,2,1,7,7,7,7,4
351,7,5,2,2,1,3,2,3,4,1,1,1,1,1,1,1,1,18,2,1,1,1,2,8,6,7,8,6,7,9,7,8,2,3,2,2,0,1.45,2,1,1,2,1,2,1,5,4,4,7,4
352,1,5,2,1,1,3,2,1,4,1,1,1,1,1,1,1,1,9,1,1,1,1,2,9,6,7,9,6,7,10,7,8,9,8,7,3,1,2.170212766,2,1,1,3,2,2,2,5,4,5,7,4
353,3,7,1,1,1,1,3,3,4,1,1,1,1,1,1,1,1,18,1,1,1,1,2,11,10,10,11,10,10,12,9,10,2,10,10,4,2,2.9,2,1,1,3,1,2,1,7,6,6,7,4
354,4,12,1,1,1,3,3,2,4,1,1,1,1,1,1,1,1,4,2,1,1,1,3,11,10,11,11,10,11,11,9,11,3,2,3,5,2,4.166666667,3,1,2,4,3,3,1,8,8,7,7,4
355,3,5,2,1,1,2,2,1,4,1,1,1,1,1,1,1,1,12,1,1,1,1,2,9,7,8,9,7,8,10,7,8,2,6,3,3,1,2.333333333,2,1,1,3,1,2,9,6,6,6,7,4
356,7,6,1,1,1,3,5,4,6,1,1,1,1,1,1,2,1,2,2,1,1,1,2,8,7,7,8,7,7,10,7,9,2,8,3,3,1,2.625,2,2,2,2,1,1,9,7,5,6,7,4
357,3,7,1,1,1,2,1,2,4,1,1,1,1,1,1,1,1,4,2,1,1,1,2,8,4,6,8,4,6,8,5,6,2,6,6,2,1,1.35,2,1,1,2,1,1,2,4,3,3,7,4
358,1,4,2,1,1,2,3,3,4,1,1,1,1,1,1,1,1,42,1,1,1,1,2,8,6,7,8,6,7,8,4,6,6,3,3,3,0,1.736842105,2,1,1,2,1,2,2,4,3,3,7,4
359,4,6,1,1,1,3,3,4,4,1,1,1,1,1,1,1,1,1,2,1,1,1,3,10,8,9,10,8,9,10,5,8,2,3,7,2,0,1.425531915,2,1,1,3,2,2,6,4,4,4,7,4
360,2,12,1,1,1,1,2,2,4,1,1,1,1,1,1,1,1,16,3,1,1,1,2,11,10,10,11,10,10,12,9,10,2,7,7,3,1,2.473684211,2,1,1,2,1,2,1,6,6,6,7,4
361,3,4,2,1,1,1,5,3,4,1,1,1,1,1,1,1,1,42,1,1,1,1,2,11,9,10,11,9,10,11,9,10,5,8,7,3,0,1.526315789,2,1,1,2,1,1,1,6,6,6,7,4
362,4,5,1,2,1,3,4,3,4,1,1,1,1,1,1,1,1,30,2,1,1,1,2,6,4,5,6,4,5,6,2,3,6,6,6,4,1,2.368421053,3,1,2,3,2,2,3,5,4,4,7,4
363,4,4,1,1,1,2,6,1,4,1,1,1,1,1,1,1,1,29,3,1,1,1,3,9,7,8,9,7,8,7,3,5,3,3,6,3,0,1.75,2,1,1,2,2,2,2,5,4,4,7,4
364,3,5,1,1,1,3,1,4,4,1,1,1,1,1,1,1,1,45,2,1,1,1,2,10,9,10,10,9,10,11,9,10,3,3,10,3,0,1.869565217,2,1,1,2,1,1,1,9,9,9,7,4
365,1,11,1,2,1,3,3,1,4,1,1,1,1,1,1,1,1,26,3,1,1,1,2,5,4,5,5,4,5,8,5,6,6,6,3,3,1,2.263157895,2,1,2,2,2,2,9,4,3,3,7,4
366,3,6,1,1,1,2,7,1,4,1,1,1,1,1,1,1,1,19,2,1,1,1,2,11,10,10,11,10,10,12,10,11,2,9,2,3,1,1.75,2,1,1,2,1,2,1,5,5,5,7,4
367,3,10,1,1,1,3,1,4,4,1,1,1,1,1,1,1,1,32,2,1,1,1,2,8,5,6,8,5,6,8,4,6,2,6,6,2,0,1.578947368,2,1,1,2,1,1,2,3,3,3,7,4
368,3,11,1,1,1,3,3,1,4,1,1,1,1,1,1,1,1,37,2,1,1,1,2,10,9,9,10,9,9,11,7,9,2,6,2,3,1,2.083333333,2,1,1,2,1,2,2,7,6,7,7,4
369,3,8,1,1,1,3,1,1,4,1,1,1,1,1,1,1,1,37,3,1,1,1,2,11,11,11,11,11,11,12,10,11,2,2,2,3,2,2.421052632,2,1,1,3,1,2,6,5,6,5,7,4
370,3,6,1,2,1,3,3,1,9,1,1,1,1,1,1,1,1,9,4,1,1,1,3,11,10,11,11,10,11,12,9,10,2,3,3,3,1,1.909090909,2,1,1,3,2,2,6,8,7,8,7,4
371,2,2,1,2,1,3,1,1,4,1,1,1,1,1,1,1,1,26,5,1,1,1,4,11,10,11,11,10,11,11,9,10,2,2,9,3,1,2.0,2,1,2,2,1,1,6,6,6,6,7,4
372,4,8,1,1,3,3,1,1,4,1,1,1,1,1,1,1,1,37,4,1,1,1,2,12,10,11,12,10,11,12,10,11,3,3,6,5,1,3.818181818,4,1,3,4,3,3,1,8,9,8,7,4
373,1,5,1,1,1,1,1,1,4,1,1,1,1,1,1,1,1,37,2,1,1,1,2,11,10,10,11,10,10,12,10,10,2,9,7,2,0,1.375,2,1,1,2,1,2,6,6,6,7,7,4
374,4,5,1,1,1,3,1,1,4,1,1,1,1,1,1,1,1,19,1,1,1,1,2,11,9,10,11,9,10,11,9,10,8,5,5,4,2,2.894736842,2,1,2,3,2,2,3,6,6,6,7,4
375,2,8,1,2,1,3,7,1,8,1,1,1,1,1,1,1,1,19,2,1,1,1,2,11,11,11,11,11,11,12,10,11,3,3,3,6,2,5.636363636,4,1,3,4,3,3,6,8,8,8,7,4
376,4,11,4,1,1,5,1,3,4,1,1,1,1,1,1,1,1,35,4,1,1,1,2,11,9,10,11,9,10,11,9,10,5,8,5,4,2,2.85,2,2,2,3,2,2,3,4,5,5,7,4
377,2,4,1,1,1,1,2,2,4,1,1,1,1,1,1,1,1,16,2,1,1,1,2,9,7,8,9,7,8,9,7,7,3,3,6,3,1,1.894736842,2,1,1,3,1,2,9,4,3,3,7,4
378,1,5,1,1,1,3,2,1,4,1,1,1,1,1,1,1,1,37,1,1,1,1,2,11,10,11,11,10,11,12,10,11,2,2,2,3,1,2.166666667,2,1,1,2,1,2,6,7,6,6,7,4
379,4,11,1,1,1,3,3,3,4,1,1,1,1,1,1,1,1,35,2,1,1,1,2,11,9,10,11,9,10,11,9,10,2,5,5,3,2,2.473684211,2,2,2,3,2,2,1,6,6,6,7,4
380,3,10,1,1,1,2,1,1,4,1,1,1,1,1,1,1,1,19,2,1,1,1,2,11,10,10,11,10,10,11,10,11,2,2,3,5,2,4.666666667,3,1,2,3,3,3,6,7,7,7,7,4
381,4,8,1,1,1,3,4,1,4,1,1,1,1,1,1,1,1,37,4,1,1,1,2,11,10,10,11,10,10,11,9,9,2,7,9,2,0,1.526315789,2,1,1,2,1,1,6,6,6,6,7,4
382,1,4,1,2,1,3,1,1,4,1,1,1,1,1,1,1,1,29,1,1,1,1,2,11,10,10,11,10,10,11,9,10,2,8,5,4,2,3.0,3,1,2,3,2,2,1,5,4,4,7,4
383,3,10,2,1,1,3,1,1,4,1,1,1,1,1,1,1,1,37,3,1,1,1,3,9,8,8,9,8,8,10,8,9,2,6,2,3,1,1.65,2,1,1,2,1,2,9,5,5,5,7,4
384,4,8,1,1,1,3,3,1,4,1,1,1,1,1,1,1,2,31,2,1,1,1,2,9,7,8,9,7,8,10,7,8,2,6,2,3,0,1.8,2,1,1,2,2,2,1,4,4,3,7,4
385,4,8,1,2,1,3,4,1,4,1,1,1,1,1,1,1,1,37,1,1,1,1,2,10,9,9,10,9,9,12,9,10,8,10,5,4,1,2.375,2,1,2,2,1,1,1,7,6,6,7,4
386,3,5,1,1,1,3,3,5,4,1,1,1,1,1,1,1,1,33,1,1,1,1,2,11,10,11,11,10,11,11,9,10,2,7,9,3,1,2.210526316,2,1,1,2,1,1,6,6,6,6,7,4
387,3,8,1,1,1,1,3,4,4,1,1,1,1,1,1,1,1,22,1,1,1,1,2,11,9,10,11,9,10,11,9,10,7,2,2,3,1,2.3,2,1,1,2,2,2,3,5,6,6,7,4
388,2,10,1,1,1,1,6,5,4,1,1,1,1,1,1,1,1,5,2,1,1,1,2,11,9,10,11,9,10,12,9,11,2,5,7,3,0,1.526315789,2,1,1,2,2,2,6,6,6,6,7,4
389,4,4,1,1,1,2,4,1,4,1,1,1,1,1,1,1,1,26,2,1,1,1,2,11,9,10,11,9,10,11,9,10,8,7,7,3,0,1.578947368,2,1,1,2,1,1,1,6,6,6,7,4
390,3,2,1,1,1,3,1,1,4,1,1,1,1,1,1,1,1,12,2,1,1,1,2,11,10,10,11,10,10,12,9,11,9,2,7,2,0,1.666666667,2,1,1,2,1,2,2,8,7,7,7,4
391,3,11,1,1,1,3,1,4,4,1,1,1,1,1,1,1,1,5,1,1,1,1,2,4,2,3,4,2,3,6,2,4,3,6,3,6,1,2.842105263,2,1,2,2,1,2,9,6,4,5,7,4
392,3,10,1,1,1,3,1,1,4,1,1,1,1,1,1,1,1,29,2,1,1,1,3,11,9,10,11,9,10,11,9,10,2,7,2,3,0,1.842105263,2,1,1,2,1,2,1,5,5,5,7,4
393,4,7,1,1,1,3,6,1,9,1,1,1,1,1,1,1,1,12,4,1,1,1,2,11,10,10,11,10,10,11,9,9,2,7,9,2,0,1.526315789,2,1,1,2,1,1,6,6,6,6,7,4
394,4,4,1,1,1,2,3,1,4,1,1,1,1,1,1,1,1,29,2,1,1,1,2,12,11,11,12,11,11,12,9,10,2,2,9,5,1,2.291666667,2,1,1,2,1,1,6,7,7,6,7,4
395,4,12,1,1,1,2,1,3,4,1,1,1,1,1,1,1,1,18,2,1,1,1,2,6,3,4,6,3,4,6,3,4,2,3,2,3,0,2.052631579,2,1,1,2,1,2,9,5,4,5,7,4
396,3,9,2,1,1,3,7,4,4,1,1,1,1,1,1,1,1,13,1,1,1,1,2,11,10,10,11,10,10,12,9,10,2,7,5,3,0,2.291666667,2,1,1,3,2,2,1,8,6,7,7,4
397,3,5,1,1,1,3,2,2,4,1,1,1,1,1,1,1,1,4,2,1,1,1,2,9,7,8,9,7,8,10,7,9,3,6,6,4,2,2.4,2,1,1,3,1,2,2,6,6,5,7,4
398,2,4,2,1,1,2,4,4,4,1,1,1,1,1,1,1,1,17,1,1,1,1,2,12,10,10,12,10,10,11,10,11,2,5,2,2,0,1.333333333,2,1,1,2,1,2,1,6,5,5,7,4
399,1,8,1,1,1,3,2,1,4,1,1,1,1,1,1,1,1,26,2,1,1,1,2,11,9,10,11,9,10,11,8,10,2,2,2,3,1,2.0,2,1,1,2,1,2,2,7,6,7,7,4
400,4,10,1,1,1,2,9,3,4,1,1,1,1,1,1,1,1,18,1,1,1,1,2,11,8,10,11,8,10,10,7,8,3,8,2,6,1,2.217391304,3,1,2,4,2,3,2,7,7,7,7,4
401,1,6,2,1,1,1,4,4,4,1,1,1,1,1,1,1,1,6,1,1,1,1,2,11,9,10,11,9,10,12,9,10,2,9,2,3,1,2.105263158,2,1,1,2,1,2,1,6,6,6,7,4
402,3,11,1,1,1,3,3,1,4,1,1,1,1,1,1,1,1,12,2,1,1,1,2,11,11,11,11,11,11,12,10,11,2,2,5,4,2,2.85,3,2,2,2,1,2,6,7,7,7,7,4
403,4,9,2,2,1,3,2,1,9,1,1,1,1,1,1,1,1,15,4,1,1,1,2,8,7,7,8,7,7,9,4,7,3,3,3,2,0,1.333333333,2,1,1,2,1,2,3,7,6,7,7,4
404,4,11,1,1,1,1,3,5,4,1,1,1,1,1,1,1,1,4,2,1,1,1,2,11,11,11,11,11,11,11,10,11,2,5,2,3,2,2.615384615,2,1,1,2,2,2,6,5,4,5,7,4
405,3,5,1,1,1,3,4,1,9,1,1,1,1,1,1,1,1,12,1,1,1,1,2,9,6,7,9,6,7,10,8,9,2,7,2,3,1,1.736842105,2,1,1,2,1,2,1,4,4,4,7,4
406,3,4,1,1,1,2,4,5,4,1,1,1,1,1,1,1,1,45,1,1,1,1,2,12,9,10,12,9,10,11,9,10,2,5,7,2,0,1.35,2,1,1,2,1,2,2,5,6,6,7,4
407,4,6,1,1,1,3,1,3,6,1,1,1,1,2,1,2,1,24,5,1,1,1,2,11,9,10,11,9,10,11,8,9,3,6,8,5,1,3.041666667,3,1,2,4,2,3,1,7,7,7,7,4
408,4,9,1,2,1,3,1,1,4,1,1,1,1,1,1,1,1,9,2,1,1,1,2,6,5,5,6,5,5,8,5,6,3,3,3,6,2,5.826086957,3,1,2,4,2,3,2,4,4,3,7,4
409,4,9,2,2,1,3,1,1,4,1,1,1,1,1,1,1,1,37,2,1,1,1,2,12,10,10,12,10,10,11,9,10,2,9,9,5,0,1.47826087,2,1,1,3,1,1,1,9,9,8,7,4
410,1,9,1,1,1,3,2,1,4,1,1,1,1,1,1,1,1,26,2,1,1,1,2,11,8,10,11,8,10,11,8,10,1,2,2,2,0,1.347826087,2,1,1,2,1,1,2,6,6,6,7,4
411,3,6,2,1,1,1,2,2,1,1,1,1,1,1,1,1,1,16,2,1,1,1,2,12,10,11,12,10,11,11,9,10,2,2,10,3,2,2.526315789,2,1,1,3,2,2,6,6,6,6,7,4
412,4,10,3,1,1,1,2,1,4,1,2,1,2,1,2,1,2,29,2,1,1,1,2,9,6,8,9,6,8,9,6,7,5,2,8,4,2,3.210526316,2,1,2,3,1,2,9,4,5,4,7,4
413,4,6,1,1,1,2,2,1,2,1,1,1,2,1,2,1,2,37,1,1,1,1,2,11,10,10,11,10,10,12,9,10,5,9,10,3,1,2.0,2,1,1,3,2,2,8,7,6,6,7,4
414,1,4,1,1,1,3,2,2,7,1,1,1,1,1,1,1,1,4,2,1,1,1,2,7,5,6,7,5,6,8,5,6,1,2,3,3,2,2.291666667,2,1,2,2,2,2,2,7,6,6,7,4
415,4,9,1,1,1,2,2,3,4,1,1,1,1,1,1,1,1,39,2,1,1,1,2,11,9,10,11,9,10,11,8,9,9,2,8,3,0,1.789473684,2,1,2,2,1,2,9,5,5,5,7,4
416,1,6,2,2,1,3,1,1,4,1,1,1,1,1,1,1,1,12,3,1,1,1,2,9,8,8,9,8,8,10,8,8,3,3,6,3,2,2.833333333,2,1,1,2,1,1,2,7,6,6,7,4
417,2,9,1,2,1,3,7,1,4,1,1,1,1,1,1,1,1,15,2,1,1,1,2,9,8,8,9,8,8,9,6,7,2,2,3,3,0,2.0,2,1,1,3,1,2,1,5,4,4,7,4
418,4,10,1,1,1,3,5,2,4,1,1,1,1,1,1,1,1,16,3,1,1,1,2,12,10,11,12,10,11,11,9,10,2,7,10,3,0,1.875,2,1,1,2,1,2,6,8,8,8,7,4
419,4,10,1,1,1,3,3,2,4,1,1,1,1,1,1,1,1,4,1,1,1,1,2,8,7,7,8,7,7,9,5,7,2,3,2,2,1,1.708333333,2,1,2,2,1,2,3,4,4,3,7,4
420,4,10,1,1,1,3,3,1,4,1,1,1,1,1,1,1,1,40,1,1,1,1,2,12,9,10,12,9,10,11,9,10,2,9,2,2,0,1.3,2,1,2,2,1,1,1,5,3,4,7,4
421,2,9,1,2,1,1,5,1,4,1,1,1,1,1,1,1,1,12,1,1,1,1,2,11,10,10,11,10,10,11,9,10,5,5,5,4,2,2.526315789,3,1,2,3,2,2,1,5,4,5,7,4
422,4,5,1,2,1,3,1,1,4,1,1,1,1,1,1,1,1,15,2,1,1,1,2,12,10,11,12,10,11,11,9,10,2,9,9,3,1,1.8,2,1,1,3,2,2,9,6,6,6,7,4
423,3,5,1,1,1,1,3,4,4,1,1,1,1,1,1,1,1,17,2,1,1,1,2,10,7,8,10,7,8,10,7,9,1,1,2,3,0,1.5,2,1,1,2,1,1,9,3,4,3,7,4
424,1,4,1,2,1,3,1,1,4,1,1,1,1,1,1,1,1,12,1,1,1,1,2,11,10,10,11,10,10,11,9,10,2,8,5,4,2,3.0,3,1,2,3,2,2,1,5,4,4,7,4
425,3,11,1,1,1,3,1,5,4,1,1,1,1,1,1,1,1,6,1,1,1,1,2,9,8,8,9,8,8,10,8,9,2,2,2,3,1,2.416666667,2,1,1,2,2,2,3,6,6,6,7,4
426,1,6,1,1,1,3,1,1,4,1,1,1,1,1,1,1,1,15,1,1,1,1,2,11,9,10,11,9,10,11,8,10,2,2,2,3,1,1.875,2,1,1,2,1,1,2,7,7,7,7,4
427,2,4,1,1,1,3,3,2,4,1,1,1,1,1,1,1,1,16,1,1,1,1,2,8,7,7,8,7,7,9,7,8,2,6,2,4,2,2.789473684,2,1,1,2,2,2,1,4,4,3,7,4
428,2,11,1,2,1,3,6,1,3,1,2,1,2,1,2,1,2,19,2,1,1,1,2,11,9,10,11,9,10,12,9,10,6,6,2,5,0,1.434782609,3,1,1,3,1,1,6,8,8,8,7,4
429,4,9,1,1,1,3,7,1,4,1,1,1,1,1,1,1,1,29,1,1,1,1,2,11,10,10,11,10,10,11,9,10,2,2,2,3,1,1.866666667,2,1,1,2,1,2,2,7,6,7,7,4
430,4,9,1,1,1,1,5,1,4,1,1,1,1,1,1,1,1,37,2,1,1,1,2,11,9,10,11,9,10,11,9,10,2,8,2,3,1,1.958333333,2,1,1,2,1,2,1,7,7,7,7,4
431,4,9,2,1,1,2,4,4,6,1,1,1,1,2,1,2,1,2,1,1,1,1,2,12,10,10,12,10,10,11,9,10,2,9,9,5,0,1.47826087,2,1,1,3,1,1,1,9,9,8,7,4
432,1,6,1,1,1,2,1,2,4,1,1,1,1,1,1,1,1,16,1,1,1,1,2,8,6,7,8,6,7,10,6,8,6,6,8,4,1,2.380952381,3,1,2,4,2,3,3,3,3,3,7,4
433,1,12,2,2,1,3,7,1,4,1,1,1,1,1,1,1,1,26,2,1,1,1,2,10,7,8,10,7,8,10,5,7,2,2,2,3,1,2.041666667,2,1,1,2,2,2,3,7,6,6,7,4
434,2,10,1,1,1,2,4,1,4,1,1,1,1,1,1,1,1,29,3,1,1,1,2,12,9,10,12,9,10,11,8,10,5,7,5,3,1,2.166666667,2,1,2,3,1,2,1,6,7,6,7,4
435,4,5,1,1,1,3,1,1,4,1,1,1,1,1,1,1,1,37,1,1,1,1,2,10,7,8,10,7,8,10,7,8,2,1,3,3,1,1.833333333,2,1,1,2,1,1,9,6,6,6,7,4
436,3,8,1,1,1,2,4,3,4,1,1,1,1,1,1,1,1,35,1,1,1,1,2,11,9,10,11,9,10,11,8,9,2,5,8,3,1,2.0,2,1,2,2,1,2,1,4,4,4,7,4
437,4,6,2,1,1,3,4,2,4,1,1,1,1,1,1,1,1,4,1,1,1,1,2,10,7,8,10,7,8,10,7,8,1,1,1,4,1,2.105263158,2,1,1,3,1,2,9,5,5,5,7,4
438,2,1,1,2,1,3,6,1,9,1,2,1,3,1,3,1,3,37,4,1,1,1,3,8,5,6,8,5,6,9,6,7,2,3,2,4,0,1.947368421,2,1,1,2,1,1,3,4,4,3,7,4
439,2,8,1,1,1,2,4,1,4,1,1,1,1,1,1,1,1,29,2,1,1,1,2,10,8,9,10,8,9,10,7,8,2,2,2,4,2,3.15,2,1,1,2,1,2,3,5,4,4,7,4
440,4,5,1,1,1,3,1,1,4,1,1,1,1,1,1,1,1,23,3,1,1,1,2,11,9,9,11,9,9,11,8,10,5,7,2,3,1,1.789473684,2,1,2,3,1,2,1,6,6,6,7,4
441,1,5,1,1,1,3,2,1,4,1,1,1,1,1,1,1,1,12,3,1,1,1,2,6,4,5,6,4,5,6,2,3,6,6,6,4,1,2.368421053,3,1,2,3,2,2,3,5,4,4,7,4
442,4,8,2,1,1,3,2,1,4,1,1,1,1,1,1,1,1,19,1,1,1,1,2,9,7,8,9,7,8,9,6,8,6,2,6,3,0,1.666666667,2,1,1,3,2,2,8,3,2,2,7,4
443,4,6,1,1,1,3,2,2,4,1,1,1,1,1,1,1,1,4,2,1,1,1,2,12,9,10,12,9,10,12,9,10,2,5,5,2,0,0.772727273,2,1,1,2,1,1,1,8,7,7,7,4
444,3,11,1,1,1,3,6,1,4,1,1,1,1,1,1,1,1,26,1,1,1,1,2,11,9,10,11,9,10,12,9,10,10,5,9,3,2,2.4,2,1,1,3,2,2,6,7,6,6,7,4
445,4,11,1,2,1,3,6,2,9,1,1,1,1,1,1,1,1,4,3,1,1,1,3,12,11,11,12,11,11,12,10,11,2,7,7,3,1,2.166666667,2,1,2,2,1,2,6,8,7,8,7,4
446,4,9,2,1,1,2,5,1,4,1,1,1,1,1,1,1,1,23,2,1,1,1,2,11,9,9,11,9,9,11,9,10,5,8,2,3,2,2.434782609,2,1,1,2,1,2,2,7,7,7,7,4
447,3,9,2,2,1,2,3,1,9,1,1,1,1,1,1,1,1,9,2,1,1,1,2,10,8,9,10,8,9,11,9,10,9,8,5,2,0,0.954545455,2,1,1,2,1,1,8,6,6,6,7,4
448,3,7,1,1,1,1,1,1,4,1,1,1,1,1,2,1,2,37,1,1,1,1,2,12,10,11,12,10,11,11,9,10,2,2,7,2,0,1.4,2,1,1,2,1,1,1,6,5,5,7,4
449,1,5,1,2,1,1,1,1,4,1,1,1,1,1,1,1,1,29,2,1,1,1,2,11,9,10,11,9,10,11,9,10,5,2,8,3,1,2.3,2,1,2,3,2,2,2,5,5,5,7,4
450,4,10,1,2,1,2,3,1,4,1,1,1,1,1,1,1,1,37,1,1,1,1,2,5,3,4,5,3,4,9,4,6,3,6,6,3,2,2.291666667,2,1,2,3,1,2,2,5,4,4,7,4
451,3,5,1,1,1,3,1,2,4,1,1,1,1,1,1,1,1,16,3,1,1,1,3,11,9,10,11,9,10,12,9,10,2,2,7,3,0,1.55,2,1,1,3,1,2,3,6,7,6,7,4
452,2,5,1,1,1,2,12,1,1,1,1,1,1,1,1,1,1,31,2,1,1,1,2,11,9,10,11,9,10,12,9,10,2,5,5,4,1,2.684210526,2,1,1,3,2,2,9,6,6,5,7,4
453,4,9,1,1,1,3,1,3,4,1,1,1,1,1,1,1,1,35,2,1,1,1,3,11,9,10,11,9,10,11,9,10,7,10,9,3,0,1.583333333,2,1,1,2,1,2,6,8,7,8,7,4
454,4,5,1,1,1,2,1,3,4,1,1,1,1,1,1,1,1,44,2,1,1,1,2,11,10,11,11,10,11,11,9,10,2,2,5,2,1,1.65,2,1,2,3,2,2,1,7,7,7,7,4
455,2,6,1,2,1,3,7,1,4,1,1,1,1,1,1,1,1,31,2,1,1,1,2,10,8,9,10,8,9,10,8,8,7,7,5,3,0,1.844444444,2,1,1,2,1,2,8,6,6,6,7,4
456,4,11,1,2,1,3,2,1,6,1,1,1,1,1,1,1,1,31,3,1,1,1,3,11,9,10,11,9,10,12,9,10,2,5,2,3,0,1.291666667,2,1,1,2,1,1,1,7,7,7,7,4
457,3,6,1,1,1,3,4,1,4,1,1,1,1,1,1,1,1,26,2,1,1,1,2,11,9,10,11,9,10,11,9,10,2,7,5,3,0,1.842105263,2,1,1,3,2,2,9,5,6,5,7,4
458,4,6,1,2,1,3,1,1,4,1,1,1,1,1,1,1,1,12,2,1,1,1,2,9,8,8,9,8,8,10,8,9,2,2,2,3,2,2.3,2,1,1,2,1,1,1,4,4,3,7,4
459,3,6,1,1,1,3,3,1,4,1,1,1,1,1,1,1,1,26,2,1,1,1,2,11,9,10,11,9,10,9,7,8,2,2,6,2,0,1.684210526,2,1,1,3,2,2,1,5,6,5,7,4
460,3,9,1,1,1,3,6,1,4,1,1,1,1,1,1,1,1,37,4,1,1,1,3,11,9,10,11,9,10,12,9,10,2,5,2,3,1,1.625,2,1,1,2,1,1,1,8,7,7,7,4
461,1,12,1,1,1,3,1,1,4,1,1,1,1,1,1,1,1,15,2,1,1,1,2,7,5,6,7,5,6,9,7,7,3,6,3,6,5,5.25,3,2,3,3,2,3,2,5,4,5,7,4
462,4,6,1,1,1,2,4,1,4,1,1,1,1,1,1,1,1,12,1,1,1,1,2,11,10,11,11,10,11,11,9,9,7,2,10,3,1,2.083333333,2,1,1,2,1,1,6,8,8,8,7,4
463,1,9,1,1,1,3,3,3,4,1,1,1,1,1,1,1,1,39,2,1,1,1,2,7,5,6,7,5,6,8,5,6,2,2,6,2,0,1.526315789,2,1,1,2,1,2,2,4,3,3,7,4
464,3,5,1,1,1,1,3,2,4,1,1,1,1,1,1,1,1,20,2,1,1,1,2,11,9,10,11,9,10,12,9,10,5,7,2,5,1,2.684210526,2,1,1,2,1,2,1,6,6,6,7,4
465,3,6,1,1,1,3,4,2,4,1,1,1,1,1,1,1,1,4,2,1,1,1,2,12,10,11,12,10,11,12,9,11,2,6,2,5,0,1.869565217,3,1,1,3,1,2,6,9,8,8,7,4
466,4,6,1,2,2,2,3,1,3,1,1,1,1,1,1,1,1,29,2,1,1,1,2,10,9,9,10,9,9,11,9,9,10,10,8,6,2,3.916666667,2,1,1,3,1,2,2,7,7,7,7,4
467,2,7,1,1,1,1,2,1,4,1,1,1,1,1,1,1,1,37,2,1,1,1,2,11,10,10,11,10,10,11,8,9,2,7,7,4,1,2.574468085,2,1,1,2,1,1,1,6,7,7,7,4
468,4,5,1,1,1,2,1,3,2,1,1,1,1,1,1,1,1,18,1,1,1,1,2,9,7,8,9,7,8,10,8,8,3,3,6,3,1,2.0,2,1,1,2,1,2,2,7,6,6,7,4
469,4,8,1,1,1,3,5,1,4,1,1,1,1,1,1,1,1,9,2,1,1,1,2,8,3,5,8,3,5,8,3,5,1,2,2,3,1,1.375,2,1,1,3,1,2,9,8,6,7,7,4
470,1,5,1,2,1,1,4,1,4,1,1,1,1,1,1,1,1,15,2,1,1,1,2,12,9,10,12,9,10,11,9,10,2,5,7,2,0,1.35,2,1,1,2,1,2,2,5,6,6,7,4
471,4,12,1,2,1,3,1,3,6,1,1,1,1,1,1,1,1,24,5,1,1,1,3,7,5,6,7,5,6,7,5,6,8,8,1,4,2,2.875,2,1,1,2,1,2,2,6,5,5,7,4
472,6,5,2,1,1,3,3,2,4,1,1,1,1,1,1,1,1,4,2,1,1,1,2,11,11,11,11,11,11,12,10,11,2,2,2,4,2,2.888888889,2,1,2,3,2,2,6,7,6,6,7,4
473,1,10,1,1,1,3,2,3,6,1,1,1,1,1,1,1,1,35,2,1,1,1,2,8,7,7,8,7,7,9,6,7,3,3,3,3,1,2.25,2,1,1,2,1,2,2,4,4,4,7,4
474,3,11,2,1,1,1,3,5,4,1,1,1,1,1,1,1,1,33,2,1,1,1,2,11,10,10,11,10,10,11,10,10,8,9,6,3,1,2.210526316,2,1,1,3,2,2,1,5,5,5,7,4
475,3,9,1,1,1,3,2,4,4,1,1,1,1,1,1,1,1,17,1,1,1,1,2,11,9,10,11,9,10,11,9,9,7,5,8,4,2,2.55,2,1,2,3,2,2,3,5,5,5,7,4
476,3,5,1,1,1,3,1,3,4,1,1,1,1,1,1,1,1,18,1,1,1,1,2,11,9,10,11,9,10,12,9,10,6,10,6,5,0,1.782608696,2,1,1,3,1,2,1,7,7,7,7,4
477,2,10,1,2,1,3,6,1,4,1,1,1,1,1,1,1,1,29,2,1,1,1,2,11,8,9,11,8,9,10,8,9,2,2,2,3,0,1.565217391,2,1,1,3,1,2,2,6,6,6,7,4
478,4,5,1,1,1,3,1,2,4,1,1,1,1,1,1,1,1,16,2,1,1,1,2,9,7,8,9,7,8,10,7,8,2,1,2,3,1,2.263157895,2,1,1,3,1,2,1,2,2,2,7,4
479,3,11,1,1,1,3,6,3,4,1,1,1,1,1,1,1,1,44,2,1,1,1,2,11,10,10,11,10,10,12,9,10,1,5,5,2,1,1.625,2,1,1,2,1,1,3,9,7,8,7,4
480,4,5,1,1,1,3,11,4,6,1,1,1,1,1,1,1,1,38,1,1,1,1,2,8,4,6,8,4,6,9,5,7,1,7,2,3,1,2.15,2,1,1,3,2,2,3,4,4,4,7,4
481,3,8,2,1,1,1,3,2,4,1,1,1,1,1,1,1,1,4,2,1,1,1,2,11,9,10,11,9,10,12,9,10,10,5,9,3,2,2.4,2,1,1,3,2,2,6,7,6,6,7,4
482,4,6,1,1,1,2,3,1,4,1,1,1,1,1,1,1,1,37,2,1,1,1,2,11,9,10,11,9,10,12,8,10,6,6,8,5,0,1.375,3,1,1,5,2,2,1,7,7,8,7,4
483,4,5,1,2,1,3,3,3,4,1,1,1,1,1,1,1,1,35,1,1,1,1,2,11,10,11,11,10,11,12,9,10,2,2,2,3,1,1.736842105,2,1,1,2,2,2,1,6,6,6,7,4
484,4,8,1,2,1,5,4,1,4,1,1,1,1,1,1,1,1,19,2,1,1,1,3,11,9,10,11,9,10,11,9,10,5,8,8,3,0,2.105263158,2,1,2,3,1,2,2,6,6,6,7,4
485,3,8,1,1,1,2,2,1,4,1,1,1,1,1,1,1,1,15,2,1,1,1,2,12,9,10,12,9,10,12,9,10,7,7,9,2,0,1.217391304,2,1,1,3,2,2,2,8,8,8,7,4
486,4,7,1,1,1,3,6,4,4,1,1,1,1,1,1,1,1,1,1,1,1,1,2,8,5,6,8,5,6,9,5,7,3,6,2,2,1,1.625,2,1,2,4,2,2,1,5,4,4,7,4
487,4,4,1,1,1,2,2,3,4,1,1,1,1,1,1,1,1,39,2,1,1,1,2,10,9,9,10,9,9,11,9,10,2,5,5,4,1,2.315789474,2,1,1,2,1,2,1,4,4,4,7,4
488,2,1,4,2,1,3,2,2,4,1,1,3,1,3,1,3,1,4,2,1,1,1,2,11,10,11,11,10,11,12,10,11,3,3,3,6,2,5.583333333,4,1,3,4,2,3,6,8,8,8,7,4
489,1,9,1,1,1,2,3,2,4,1,1,1,1,1,1,1,1,33,1,1,1,1,2,12,9,10,12,9,10,12,9,10,2,7,8,3,1,1.875,2,1,1,3,2,2,2,8,7,7,7,4
490,1,10,1,1,1,1,3,1,4,1,1,1,1,1,1,1,1,9,1,1,1,1,2,9,6,7,9,6,7,10,7,8,9,8,7,3,1,2.170212766,2,1,1,3,2,2,2,5,4,5,7,4
491,4,10,1,1,1,1,3,1,4,1,1,1,1,1,1,1,1,9,2,1,1,1,2,7,5,6,7,5,6,7,4,5,3,2,6,3,0,1.75,2,1,1,3,1,2,3,4,3,3,7,4
492,4,11,1,1,1,3,1,3,6,1,1,1,1,1,1,1,1,44,6,1,1,1,4,12,10,11,12,10,11,12,10,10,2,2,9,5,0,1.695652174,3,1,1,3,1,1,9,9,9,9,7,4
493,1,6,1,1,1,3,2,1,4,1,1,1,1,1,1,1,1,9,2,1,1,1,2,11,9,10,11,9,10,11,9,10,8,5,5,3,1,2.333333333,2,1,1,3,2,2,2,8,7,7,7,4
494,4,10,2,2,1,3,3,2,4,1,1,1,1,1,1,1,1,16,2,1,1,1,2,10,9,9,10,9,9,10,8,9,3,6,3,6,2,3.75,3,1,2,4,2,2,1,4,4,4,7,4
495,2,7,1,2,1,3,1,1,4,1,1,1,1,1,1,1,1,37,3,1,1,1,2,7,5,6,7,5,6,7,5,6,8,8,1,4,2,2.875,2,1,1,2,1,2,2,6,5,5,7,4
496,4,11,1,1,1,2,3,4,4,1,1,1,1,1,1,1,1,22,1,1,1,1,2,11,8,10,11,8,10,9,6,7,2,2,8,4,1,1.789473684,2,1,1,2,1,2,9,4,4,4,7,4
497,4,8,1,2,1,3,10,2,4,1,1,1,1,1,1,1,1,16,2,1,1,1,2,11,10,10,11,10,10,11,9,10,2,8,5,4,2,2.789473684,2,1,2,3,2,2,1,6,5,5,7,4
498,7,8,1,1,1,3,1,4,4,1,1,1,1,1,1,1,1,2,2,1,1,1,2,9,6,8,9,6,8,10,6,8,1,2,2,2,0,1.125,2,1,1,2,1,1,2,5,5,5,7,4
499,7,6,1,2,1,3,6,1,4,1,1,1,1,1,1,1,1,37,1,1,1,1,2,11,9,10,11,9,10,11,8,10,6,8,3,5,0,2.083333333,3,1,1,4,1,2,1,7,7,7,7,4
500,4,7,1,1,1,3,4,3,4,1,1,1,1,1,1,1,1,18,1,1,1,1,2,7,6,6,7,6,6,9,6,7,6,6,2,3,0,1.8,2,1,1,3,2,2,9,4,3,3,7,4
501,4,10,1,1,1,3,1,1,4,1,1,1,1,1,1,1,1,29,1,1,1,1,2,11,10,10,11,10,10,12,10,11,2,5,2,4,1,2.052631579,2,1,1,3,2,2,6,6,6,6,7,4
502,3,11,1,1,1,1,2,1,4,1,1,1,1,1,1,1,1,26,1,1,1,1,2,11,10,10,11,10,10,11,9,10,2,2,8,3,1,1.4,2,1,1,2,1,1,1,6,6,6,7,4
503,3,7,1,1,1,1,3,4,4,1,1,1,1,1,1,1,1,1,1,1,1,1,2,11,9,10,11,9,10,11,9,10,5,2,8,3,1,2.3,2,1,2,3,2,2,2,5,5,5,7,4
504,4,10,1,2,1,3,3,1,4,1,1,1,1,1,1,1,1,37,1,1,1,1,2,10,9,9,10,9,9,12,9,10,8,10,5,4,1,2.375,2,1,2,2,1,1,1,7,6,6,7,4
505,4,5,2,1,1,3,6,1,4,1,1,1,1,1,1,1,1,29,2,1,1,1,2,12,9,10,12,9,10,12,10,10,7,9,7,2,0,1.375,2,1,1,2,1,2,2,6,6,6,7,4
506,2,10,1,1,1,3,5,3,4,1,1,1,1,1,1,1,1,35,3,1,1,1,2,7,6,6,7,6,6,10,6,8,8,5,6,4,1,2.526315789,2,1,2,3,1,2,9,4,4,4,7,4
507,3,1,1,1,1,2,4,4,4,1,1,1,1,1,1,1,1,17,1,1,1,1,2,5,4,4,5,4,4,6,3,4,3,3,2,3,1,2.45,2,1,1,2,1,2,9,6,4,5,7,4
508,1,4,1,1,1,2,1,1,4,1,1,1,1,1,1,1,1,9,2,1,1,1,2,11,10,10,11,10,10,11,9,10,2,2,2,2,0,1.181818182,2,1,1,2,1,2,2,8,7,7,7,4
509,3,9,2,1,1,3,2,1,4,1,1,1,1,1,1,1,1,35,2,1,1,1,2,11,10,10,11,10,10,11,9,10,1,3,5,2,0,1.0,2,1,2,2,1,1,7,7,7,7,7,4
510,1,4,2,1,1,3,1,5,4,1,1,1,1,1,1,1,1,21,2,1,1,1,2,10,8,8,10,8,8,9,5,7,3,3,3,3,1,2.083333333,2,1,1,3,2,2,1,6,5,5,7,4
511,1,12,2,1,1,1,1,3,4,1,1,1,1,1,1,1,1,39,2,1,1,1,2,6,5,5,6,5,5,6,4,5,6,6,6,5,4,4.882352941,2,1,1,3,2,2,9,4,3,3,7,4
512,4,11,1,1,1,2,2,3,4,1,1,1,1,1,1,1,1,35,1,1,1,1,2,12,10,11,12,10,11,12,10,10,2,2,9,5,0,1.695652174,3,1,1,3,1,1,9,9,9,9,7,4
513,3,7,2,1,1,2,1,1,6,1,1,1,1,1,1,1,1,37,2,1,1,1,2,10,9,9,10,9,9,10,7,8,2,2,3,3,1,2.5,2,1,2,3,2,2,1,6,5,6,7,4
514,3,9,1,1,1,1,5,1,4,1,1,1,1,1,1,1,1,12,1,1,1,1,2,9,8,8,9,8,8,10,4,8,6,2,3,2,1,1.85,2,1,1,2,2,2,2,4,3,3,7,4
515,4,10,1,1,1,3,1,2,4,1,1,1,1,1,1,1,1,16,2,1,1,1,2,6,3,4,6,3,4,7,3,5,2,6,1,3,1,2.2,3,1,1,3,1,2,9,4,4,4,7,4
516,2,11,1,2,1,2,1,1,4,1,1,1,1,1,1,1,1,31,2,1,1,1,2,10,7,8,10,7,8,10,7,9,2,9,2,5,1,4.043478261,4,1,3,4,2,3,9,5,4,4,7,4
517,4,5,1,1,1,3,1,1,4,1,1,1,1,1,1,1,1,37,1,1,1,1,2,12,10,11,12,10,11,12,10,11,3,2,2,3,1,1.666666667,2,1,1,2,1,2,1,7,7,7,7,4
518,4,5,2,1,1,3,4,3,6,1,1,1,1,1,1,1,1,42,1,1,1,1,2,12,10,11,12,10,11,12,9,10,2,9,7,3,2,2.157894737,2,1,2,3,1,2,7,6,6,6,7,4
519,7,5,1,1,1,2,2,4,4,1,1,1,1,1,1,1,1,20,2,1,1,1,2,12,9,10,12,9,10,12,10,11,2,6,2,5,0,1.826086957,3,1,1,3,1,2,8,8,8,8,7,4
520,2,7,1,1,1,3,1,1,2,1,1,1,1,1,1,1,1,37,2,1,1,1,2,10,9,9,10,9,9,12,9,10,9,2,8,3,1,1.631578947,2,1,1,3,2,2,9,5,5,5,7,4
521,2,7,1,1,1,1,4,2,4,1,1,1,1,1,1,1,1,4,1,1,1,1,2,10,8,9,10,8,9,11,9,9,2,8,2,3,0,1.8,2,1,1,2,1,1,3,5,5,5,7,4
522,4,12,1,1,1,3,1,1,4,1,1,1,1,1,1,1,1,35,2,1,1,1,2,11,10,10,11,10,10,12,10,10,5,3,5,2,1,1.6,2,1,1,2,1,1,9,9,7,8,7,4
523,2,8,1,1,1,2,3,4,4,1,1,1,1,1,1,1,1,20,1,1,1,1,2,9,7,7,9,7,7,9,7,8,3,8,3,3,2,2.583333333,2,1,1,3,2,2,9,7,6,6,7,4
524,4,6,1,1,1,4,3,4,4,1,1,1,1,1,1,1,1,1,3,1,1,1,4,12,11,11,12,11,11,11,8,10,2,2,7,4,2,2.541666667,2,1,2,2,2,2,6,7,7,7,7,4
525,4,9,1,1,1,1,5,3,4,1,1,1,1,1,1,1,1,30,2,1,1,1,2,10,8,9,10,8,9,11,8,9,2,6,2,3,0,1.055555556,2,1,1,2,1,2,2,3,3,3,7,4
526,3,8,2,1,1,1,8,1,4,1,1,1,1,1,1,1,1,15,1,1,1,1,2,11,10,10,11,10,10,11,9,9,2,7,9,2,0,1.526315789,2,1,1,2,1,1,6,6,6,6,7,4
527,1,6,1,1,1,3,1,1,4,1,1,1,1,1,1,1,1,29,2,1,1,1,2,9,8,8,9,8,8,11,7,9,6,2,3,4,1,1.833333333,2,1,1,3,2,2,2,6,6,6,7,4
528,4,4,1,1,1,1,1,3,6,1,1,1,1,1,1,1,1,44,2,1,1,1,2,12,9,10,12,9,10,12,9,9,5,10,10,3,1,2.15,2,1,1,3,1,2,2,7,5,6,7,4
529,1,5,2,1,1,1,2,1,4,1,1,1,1,1,1,1,1,29,2,1,1,1,2,12,10,11,12,10,11,11,9,10,2,7,10,3,0,1.875,2,1,1,2,1,2,6,8,8,8,7,4
530,4,6,2,2,1,3,4,1,4,1,1,1,1,1,1,1,1,12,3,1,1,1,3,9,7,7,9,7,7,9,6,7,2,3,3,3,1,2.086956522,2,1,1,2,2,2,1,5,4,5,7,4
531,4,12,1,1,1,2,3,4,4,1,1,1,1,1,1,1,1,13,1,1,1,1,2,11,10,11,11,10,11,12,10,11,3,3,3,3,1,1.818181818,2,1,1,3,2,2,6,8,7,8,7,4
532,3,11,1,1,1,1,2,5,4,1,1,1,1,1,1,1,1,1,1,1,1,1,2,11,10,11,11,10,11,11,9,10,2,2,9,3,1,2.0,2,1,2,2,1,1,6,6,6,6,7,4
533,1,10,2,2,1,3,3,1,4,1,1,1,1,1,1,1,1,9,1,1,1,1,2,9,7,8,9,7,8,9,4,6,2,3,9,5,1,3.565217391,3,2,2,4,2,4,1,5,4,4,7,4
534,4,9,1,1,1,1,5,2,2,1,1,1,1,1,3,1,3,4,2,1,1,1,2,11,10,11,11,10,11,12,10,11,2,10,2,3,1,1.947368421,2,1,1,2,1,1,6,5,5,5,7,4
535,4,5,2,2,1,3,1,1,4,1,1,1,1,1,1,1,1,12,2,1,1,1,2,7,5,6,7,5,6,8,4,6,2,3,2,3,1,2.0,2,2,2,2,2,2,2,7,6,6,7,4
536,1,8,1,1,1,1,3,1,4,1,1,1,1,1,1,1,1,15,2,1,1,1,2,11,7,9,11,7,9,10,7,8,1,2,2,2,0,1.25,2,1,1,3,1,2,2,4,4,3,7,4
537,4,6,1,1,1,1,5,1,9,1,1,1,1,1,1,1,1,37,1,1,1,1,2,11,9,10,11,9,10,11,9,10,2,5,5,3,2,2.473684211,2,2,2,3,2,2,1,6,6,6,7,4
538,3,10,2,1,1,1,4,3,4,1,1,1,1,1,1,1,1,42,3,1,1,1,2,12,10,11,12,10,11,11,9,10,2,2,2,3,2,2.25,2,1,1,2,1,1,1,6,6,6,7,4
539,4,5,1,1,1,2,6,1,4,1,1,1,1,1,1,1,1,37,1,1,1,1,2,11,10,11,11,10,11,11,9,10,2,7,2,3,1,1.916666667,2,1,1,2,1,2,6,8,7,7,7,4
540,3,5,1,1,1,3,3,4,4,1,1,1,1,1,1,1,1,32,1,1,1,1,2,11,11,11,11,11,11,12,11,11,2,2,2,3,1,2.2,2,1,1,3,2,2,6,6,6,5,7,4
541,3,7,1,1,1,1,1,3,4,1,1,1,1,1,1,1,1,30,3,1,1,1,2,11,10,10,11,10,10,12,9,10,2,2,7,2,1,1.578947368,2,1,1,3,1,2,1,6,6,6,7,4
542,1,6,1,1,1,3,2,1,4,1,1,1,1,1,1,1,1,29,2,1,1,1,2,10,7,9,10,7,9,11,7,8,2,6,6,4,1,1.875,2,1,1,4,2,2,2,6,6,6,7,4
543,1,10,2,1,1,2,6,1,4,1,1,1,1,1,1,1,1,15,1,1,1,1,2,9,7,7,9,7,7,8,4,6,2,3,6,4,3,3.35,2,1,1,3,2,2,1,4,3,3,7,4
544,5,8,2,1,1,1,1,5,4,1,1,1,1,1,1,1,1,45,3,1,1,1,2,12,9,11,12,9,11,12,9,11,2,2,9,3,0,1.75,2,1,1,2,1,2,9,6,6,6,7,4
545,1,7,2,1,1,3,2,1,4,1,1,1,1,1,1,1,1,26,2,1,1,1,2,11,9,10,11,9,10,11,9,9,5,5,8,4,2,2.708333333,2,1,1,3,1,2,2,8,7,7,7,4
546,1,5,1,2,1,2,2,1,4,1,1,1,1,1,1,1,1,26,1,1,1,1,2,6,5,5,6,5,5,10,6,8,3,7,2,3,1,2.085106383,2,1,1,2,1,1,2,5,4,5,7,4
547,3,10,1,1,1,3,1,1,4,1,1,1,1,1,1,1,1,40,3,1,1,1,2,9,6,8,9,6,8,9,5,7,6,5,2,4,1,2.45,2,1,1,3,2,2,2,4,4,4,7,4
548,6,5,1,1,1,2,3,4,4,1,1,1,1,1,1,1,1,45,1,1,1,1,2,11,9,10,11,9,10,11,9,9,6,10,10,2,0,1.434782609,2,1,1,3,1,1,1,9,7,8,7,4
549,1,7,1,1,1,3,6,2,7,1,1,1,1,1,2,1,2,16,2,1,1,1,2,12,9,10,12,9,10,12,9,9,5,10,10,3,1,2.15,2,1,1,3,1,2,2,7,5,6,7,4
550,3,10,1,1,1,3,4,2,4,1,1,1,1,1,1,1,1,20,1,1,1,1,2,12,10,11,12,10,11,12,9,10,2,2,10,3,1,2.052631579,2,1,1,3,2,2,6,6,6,5,7,4
551,4,9,1,1,1,3,5,2,4,1,1,1,1,1,1,1,1,16,1,1,1,1,2,10,7,8,10,7,8,11,7,9,2,2,2,6,2,3.375,4,2,2,4,2,2,2,7,6,6,7,4
552,4,5,2,1,1,3,6,1,4,1,1,1,1,1,1,1,1,31,2,1,1,1,2,8,6,7,8,6,7,10,7,8,2,6,6,2,0,0.894736842,2,1,2,3,1,2,2,4,3,4,7,4
553,1,8,1,1,1,1,1,1,9,1,1,1,1,1,1,1,1,29,2,1,1,1,2,6,3,4,6,3,4,6,3,5,2,2,2,3,0,1.789473684,2,1,2,2,1,1,2,5,4,4,7,4
554,4,6,1,1,1,1,1,1,4,1,1,1,1,1,1,1,1,29,3,1,1,1,2,10,9,9,10,9,9,12,9,10,10,9,10,3,0,1.65,2,1,1,3,1,2,1,6,5,5,7,4
555,4,10,2,1,1,1,1,2,4,1,1,1,1,1,1,1,1,16,2,1,1,1,2,11,10,11,11,10,11,12,10,10,2,5,2,3,1,1.722222222,2,1,1,2,2,2,1,5,6,6,7,4
556,4,5,1,1,1,3,7,1,7,1,1,1,1,1,1,1,1,12,2,1,1,1,2,6,4,5,6,4,5,8,4,6,3,3,2,3,1,2.2,2,1,1,2,1,1,8,6,4,5,7,4
557,1,6,1,1,1,2,1,4,4,1,1,1,1,1,1,1,1,4,2,1,1,1,2,10,8,9,10,8,9,10,7,9,2,2,2,3,1,2.052631579,2,1,1,2,1,1,1,4,4,4,7,4
558,4,11,1,1,1,3,1,3,4,1,1,1,1,1,1,1,1,44,2,1,1,1,2,11,9,10,11,9,10,11,9,10,2,7,2,3,0,1.842105263,2,1,1,2,1,2,1,5,5,5,7,4
559,4,9,1,1,1,3,7,4,4,1,1,1,1,1,1,1,1,5,2,1,1,1,2,9,7,8,9,7,8,11,7,9,3,7,3,3,1,1.837209302,2,1,2,2,1,2,2,5,5,5,7,4
560,4,5,1,2,1,3,6,5,4,1,1,1,1,1,1,1,1,4,2,1,1,1,2,10,7,9,10,7,9,9,5,6,1,2,2,3,1,2.0,2,1,1,2,2,2,2,7,6,6,7,4
561,3,5,2,1,1,3,10,1,4,1,1,1,1,1,1,1,1,12,2,1,1,1,2,9,6,7,9,6,7,7,5,6,2,3,2,3,1,2.263157895,2,1,1,3,2,2,2,3,3,3,7,4
562,3,6,2,1,1,2,1,2,4,1,1,1,1,1,1,1,1,4,2,1,1,1,2,12,11,11,12,11,11,11,11,11,2,2,2,4,2,2.65,2,1,2,3,2,2,6,6,6,6,7,4
563,6,5,1,1,1,3,1,1,4,1,1,1,1,1,1,1,1,26,1,1,1,1,2,10,8,9,10,8,9,11,8,10,7,3,7,5,0,2.195652174,2,1,1,3,1,2,1,6,7,6,7,4
564,1,5,1,1,1,1,3,1,4,1,1,1,1,1,1,1,1,37,1,1,1,1,2,11,10,10,11,10,10,12,10,10,2,9,7,2,0,1.375,2,1,1,2,1,2,6,6,6,7,7,4
565,1,12,1,1,1,2,2,1,4,1,1,1,1,1,1,1,1,23,1,1,1,1,2,11,10,10,11,10,10,12,10,11,2,7,2,3,1,1.666666667,2,1,2,3,1,2,1,6,6,6,7,4
566,4,10,1,1,1,3,1,1,4,1,1,1,1,1,1,1,1,9,2,1,1,1,2,12,10,11,12,10,11,11,9,10,2,2,8,3,2,2.368421053,2,1,1,3,2,2,3,6,6,6,7,4
567,4,9,2,1,1,3,1,1,4,1,1,1,1,1,1,1,1,37,2,1,1,1,2,11,9,9,11,9,9,11,8,10,6,3,3,5,1,3.333333333,3,1,2,3,2,2,2,8,7,7,7,4
568,3,6,2,1,1,2,2,1,4,1,1,1,1,1,1,1,1,31,1,1,1,1,2,12,9,10,12,9,10,12,10,10,7,7,9,3,1,2.208333333,2,1,1,3,2,2,2,8,8,8,7,4
569,1,8,1,2,1,3,15,1,4,1,1,1,1,1,1,1,1,37,2,1,1,1,2,10,8,9,10,8,9,10,8,9,2,2,6,3,1,1.875,2,1,1,3,1,2,1,6,5,6,7,4
570,2,11,1,2,1,2,3,2,3,1,1,1,1,1,1,1,1,4,2,1,1,1,2,10,8,9,10,8,9,10,8,9,2,3,8,2,0,1.311111111,2,1,1,2,2,2,1,4,4,4,7,4
571,1,7,1,1,1,1,2,1,4,1,1,1,1,1,1,1,1,3,2,1,1,1,2,11,10,11,11,10,11,12,10,11,6,6,3,3,0,1.727272727,2,1,1,2,1,2,6,9,7,8,7,4
572,4,10,1,1,1,3,1,4,6,1,1,1,1,1,1,1,1,2,2,1,1,1,2,11,10,10,11,10,10,11,10,10,2,5,5,2,1,1.8125,2,1,1,2,1,1,1,10,8,9,7,4
573,4,9,1,1,1,3,2,3,4,1,1,1,1,1,1,1,1,44,2,1,1,1,2,11,8,10,11,8,10,11,8,10,3,3,6,5,2,3.916666667,3,1,1,3,2,2,2,8,7,7,7,4
574,4,5,1,1,1,2,6,1,4,1,1,1,1,1,1,1,1,12,1,1,1,1,2,11,9,10,11,9,10,12,9,10,5,5,2,3,0,1.75,2,1,2,2,1,1,2,7,6,6,7,4
575,3,8,1,1,1,1,2,1,6,1,1,1,1,1,1,1,1,12,1,1,1,1,2,3,2,2,3,2,2,5,2,4,3,6,3,3,1,2.15,3,1,2,4,1,2,9,6,4,4,7,4
576,1,6,1,1,1,3,2,1,4,1,1,1,1,1,1,1,1,29,2,1,1,1,2,11,10,10,11,10,10,12,9,10,6,3,9,2,0,1.454545455,2,1,1,2,1,2,6,9,9,9,7,4
577,4,6,1,1,1,1,3,1,4,1,1,1,1,1,1,1,1,37,2,1,1,1,2,10,8,9,10,8,9,11,9,10,7,7,5,3,0,1.5,2,1,2,2,1,2,2,8,8,7,7,4
578,4,7,1,2,1,3,3,1,4,1,1,1,1,1,1,1,1,29,1,1,1,1,2,9,7,8,9,7,8,10,7,9,2,6,3,6,1,2.25,3,1,2,2,1,1,9,6,6,6,7,4
579,4,8,1,1,1,3,3,4,4,1,1,1,1,1,1,1,1,32,1,1,1,1,2,10,8,8,10,8,8,10,7,8,2,2,2,3,1,1.708333333,2,1,1,2,1,2,2,7,7,7,7,4
580,4,7,1,1,1,2,6,5,4,1,2,1,2,1,2,1,2,16,1,1,1,1,2,11,9,10,11,9,10,11,9,10,5,5,8,2,0,1.684210526,3,1,2,3,2,2,1,5,5,5,7,4
581,1,4,1,1,1,3,1,1,4,1,1,1,1,1,1,1,1,12,2,1,1,1,2,11,9,9,11,9,9,11,9,10,5,8,5,3,1,2.041666667,2,1,2,3,2,2,2,8,7,7,7,4
582,3,8,1,1,1,3,4,5,4,1,1,1,1,1,1,1,1,45,2,1,1,1,2,12,10,11,12,10,11,11,9,10,2,2,10,3,2,2.526315789,2,1,1,3,2,2,6,6,6,6,7,4
583,4,6,2,2,1,3,9,2,4,1,1,1,1,1,1,1,1,20,2,1,1,1,2,9,8,8,9,8,8,10,7,8,2,1,6,3,1,2.304347826,2,1,1,2,1,2,1,5,5,5,7,4
584,1,12,1,2,1,3,2,1,4,1,1,1,1,1,1,1,1,29,3,1,1,1,2,9,7,8,9,7,8,8,6,6,6,3,2,4,0,2.166666667,2,1,1,2,2,2,9,4,3,3,7,4
585,4,11,1,1,1,3,2,1,4,1,1,1,1,1,1,1,1,37,1,1,1,1,2,12,10,11,12,10,11,12,9,10,2,2,10,3,1,2.052631579,2,1,1,3,2,2,6,6,6,5,7,4
586,4,8,1,2,1,3,4,1,4,1,1,1,1,1,1,1,1,37,2,1,1,1,2,12,10,11,12,10,11,12,10,11,3,3,6,5,1,3.818181818,4,1,3,4,3,3,1,8,9,8,7,4
587,3,8,1,2,1,3,5,1,4,1,1,1,1,1,1,1,1,29,1,1,1,1,2,11,10,10,11,10,10,11,9,10,2,2,2,3,1,1.866666667,2,1,1,2,1,2,2,7,6,7,7,4
588,3,10,1,1,1,2,3,4,4,1,1,1,1,1,1,1,1,32,1,1,1,1,2,3,2,3,3,2,3,5,2,3,6,6,3,4,2,3.0,3,1,2,4,1,2,9,5,4,4,7,4
589,3,5,2,1,1,3,1,1,4,1,1,1,1,1,1,1,1,12,2,1,1,1,2,11,9,10,11,9,10,12,9,10,2,5,5,4,2,2.368421053,2,1,1,2,2,2,3,7,7,6,7,4
590,1,8,1,1,1,3,1,1,4,1,1,1,1,1,1,1,1,29,2,1,1,1,2,10,9,9,10,9,9,11,9,10,5,8,5,4,1,2.583333333,2,1,2,3,2,2,2,7,7,7,7,4
591,3,5,1,1,1,2,3,4,4,1,1,1,1,1,1,1,1,32,1,1,1,1,2,4,3,3,4,3,3,7,4,5,6,6,3,3,1,2.263157895,2,1,1,3,1,1,9,5,3,3,7,4
592,3,7,1,1,1,3,3,3,4,1,1,1,1,1,1,1,1,30,1,1,1,1,2,11,9,10,11,9,10,11,10,11,6,8,6,3,0,1.727272727,2,1,1,2,1,1,1,9,8,9,7,4
593,4,10,3,1,1,2,2,1,4,1,1,1,1,1,1,1,1,23,2,1,1,1,2,10,9,9,10,9,9,11,9,9,10,10,8,6,2,3.916666667,2,1,1,3,1,2,2,7,7,7,7,4
594,4,5,1,2,1,3,8,1,4,1,1,1,1,1,1,1,1,37,2,1,1,1,2,9,6,8,9,6,8,9,6,7,5,2,8,4,2,3.210526316,2,1,2,3,1,2,9,4,5,4,7,4
595,3,11,1,1,1,3,3,1,4,1,1,1,1,1,1,1,1,12,1,1,1,1,2,11,11,11,11,11,11,12,10,11,2,2,5,4,2,2.85,3,2,2,2,1,2,6,7,7,7,7,4
596,5,8,1,1,3,5,3,1,4,1,1,1,1,1,1,1,1,29,1,1,1,1,2,11,9,10,11,9,10,11,9,10,5,5,8,2,0,1.684210526,3,1,2,3,2,2,1,5,5,5,7,4
597,4,5,1,1,1,2,1,1,4,1,1,1,1,1,1,1,1,37,2,1,1,1,2,9,8,8,9,8,8,10,8,8,3,3,6,3,2,2.833333333,2,1,1,2,1,1,2,7,6,6,7,4
598,1,10,1,1,1,3,10,1,4,1,1,1,1,1,1,1,1,29,1,1,1,1,2,11,9,10,11,9,10,11,9,10,2,8,6,6,1,4.166666667,3,1,3,4,2,3,1,7,6,7,7,4
599,3,10,1,1,1,3,4,3,6,1,1,1,1,1,1,1,1,44,4,1,1,1,3,11,10,11,11,10,11,11,9,10,3,3,3,5,4,4.818181818,3,1,3,4,3,3,6,8,8,8,7,4
600,3,11,1,1,1,3,4,1,4,1,1,1,1,1,1,1,1,12,2,1,1,1,2,11,10,10,11,10,10,12,10,11,2,2,2,2,0,1.65,2,1,1,2,1,1,1,5,5,5,7,4
601,3,7,1,1,1,3,1,1,4,1,1,1,1,1,1,1,1,12,1,1,1,1,2,11,10,10,11,10,10,11,9,10,7,7,7,3,1,1.736842105,2,1,1,2,1,1,1,7,7,6,7,4
602,5,9,3,1,1,3,1,4,4,1,1,1,1,1,1,1,1,35,2,1,1,1,2,10,8,9,10,8,9,10,6,7,2,5,8,3,1,2.263157895,3,1,2,3,2,2,9,4,5,5,7,4
603,4,5,2,1,1,3,1,1,4,1,1,1,1,1,1,1,1,29,2,1,1,1,2,11,9,10,11,9,10,12,9,9,2,7,10,3,1,1.666666667,2,1,1,4,2,2,1,7,7,7,7,4
604,4,10,1,1,1,2,1,3,4,1,1,1,1,1,1,1,1,24,2,1,1,1,3,10,9,9,10,9,9,11,7,9,2,6,2,3,1,2.083333333,2,1,1,2,1,2,2,7,6,7,7,4
